<?xml version="1.0" encoding="UTF-8"?>
<kml xmlns="http://www.opengis.net/kml/2.2" xmlns:gx="http://www.google.com/kml/ext/2.2" xmlns:kml="http://www.opengis.net/kml/2.2" xmlns:atom="http://www.w3.org/2005/Atom">
<Document>
	<name>TP NAM DINH ND 2030</name>
	<Style>
		<ListStyle>
			<listItemType>checkHideChildren</listItemType>
			<bgColor>00ffffff</bgColor>
			<maxSnippetLines>2</maxSnippetLines>
		</ListStyle>
	</Style>
	<atom:link rel="app" href="https://www.google.com/earth/about/versions/#earth-pro" title="Google Earth Pro 7.3.6.10201"></atom:link>
	<Folder>
		<name>kml_image_TP NAM DINH ND 2030_L2_0_1</name>
		<Region>
			<LatLonAltBox>
				<north>20.4620470788515</north>
				<south>20.36987006288529</south>
				<east>106.2235117168229</east>
				<west>106.2146748536686</west>
				<minAltitude>0</minAltitude>
				<maxAltitude>0</maxAltitude>
			</LatLonAltBox>
			<Lod>
				<minLodPixels>150</minLodPixels>
				<maxLodPixels>2049</maxLodPixels>
				<minFadeExtent>0</minFadeExtent>
				<maxFadeExtent>0</maxFadeExtent>
			</Lod>
		</Region>
		<GroundOverlay>
			<drawOrder>2</drawOrder>
			<Icon>
				<href>kml_image_TP NAM DINH ND 2030_L2_0_1.png</href>
			</Icon>
			<gx:altitudeMode>clampToSeaFloor</gx:altitudeMode>
			<LatLonBox>
				<north>20.4620470788515</north>
				<south>20.36987006288529</south>
				<east>106.2235117168229</east>
				<west>106.2146748536686</west>
			</LatLonBox>
		</GroundOverlay>
		<Folder>
			<name>kml_image_TP NAM DINH ND 2030_L3_0_2</name>
			<Region>
				<LatLonAltBox>
					<north>20.4620470788515</north>
					<south>20.41458547515602</south>
					<east>106.2235117168229</east>
					<west>106.2146748536686</west>
					<minAltitude>0</minAltitude>
					<maxAltitude>0</maxAltitude>
				</LatLonAltBox>
				<Lod>
					<minLodPixels>215</minLodPixels>
					<maxLodPixels>2049</maxLodPixels>
					<minFadeExtent>0</minFadeExtent>
					<maxFadeExtent>0</maxFadeExtent>
				</Lod>
			</Region>
			<GroundOverlay>
				<drawOrder>3</drawOrder>
				<Icon>
					<href>kml_image_TP NAM DINH ND 2030_L3_0_2.png</href>
				</Icon>
				<gx:altitudeMode>clampToSeaFloor</gx:altitudeMode>
				<LatLonBox>
					<north>20.4620470788515</north>
					<south>20.41458547515602</south>
					<east>106.2235117168229</east>
					<west>106.2146748536686</west>
				</LatLonBox>
			</GroundOverlay>
			<Folder>
				<name>kml_image_TP NAM DINH ND 2030_L4_0_4</name>
				<Region>
					<LatLonAltBox>
						<north>20.4620470788515</north>
						<south>20.43831627700376</south>
						<east>106.2235117168229</east>
						<west>106.2146748536686</west>
						<minAltitude>0</minAltitude>
						<maxAltitude>0</maxAltitude>
					</LatLonAltBox>
					<Lod>
						<minLodPixels>304</minLodPixels>
						<maxLodPixels>2049</maxLodPixels>
						<minFadeExtent>0</minFadeExtent>
						<maxFadeExtent>0</maxFadeExtent>
					</Lod>
				</Region>
				<GroundOverlay>
					<drawOrder>4</drawOrder>
					<Icon>
						<href>kml_image_TP NAM DINH ND 2030_L4_0_4.png</href>
					</Icon>
					<gx:altitudeMode>clampToSeaFloor</gx:altitudeMode>
					<LatLonBox>
						<north>20.4620470788515</north>
						<south>20.43831627700376</south>
						<east>106.2235117168229</east>
						<west>106.2146748536686</west>
					</LatLonBox>
				</GroundOverlay>
				<Folder>
					<name>kml_image_TP NAM DINH ND 2030_L5_0_8</name>
					<Region>
						<LatLonAltBox>
							<north>20.4620470788515</north>
							<south>20.45018167792763</south>
							<east>106.2235117168229</east>
							<west>106.2146748536686</west>
							<minAltitude>0</minAltitude>
							<maxAltitude>0</maxAltitude>
						</LatLonAltBox>
						<Lod>
							<minLodPixels>429</minLodPixels>
							<maxLodPixels>-1</maxLodPixels>
							<minFadeExtent>0</minFadeExtent>
							<maxFadeExtent>0</maxFadeExtent>
						</Lod>
					</Region>
					<GroundOverlay>
						<drawOrder>5</drawOrder>
						<Icon>
							<href>kml_image_TP NAM DINH ND 2030_L5_0_8.png</href>
						</Icon>
						<gx:altitudeMode>clampToSeaFloor</gx:altitudeMode>
						<LatLonBox>
							<north>20.4620470788515</north>
							<south>20.45018167792763</south>
							<east>106.2235117168229</east>
							<west>106.2146748536686</west>
						</LatLonBox>
					</GroundOverlay>
				</Folder>
				<Folder>
					<name>kml_image_TP NAM DINH ND 2030_L5_1_8</name>
					<Region>
						<LatLonAltBox>
							<north>20.45018167792763</north>
							<south>20.43831627700376</south>
							<east>106.2235117168229</east>
							<west>106.2146748536686</west>
							<minAltitude>0</minAltitude>
							<maxAltitude>0</maxAltitude>
						</LatLonAltBox>
						<Lod>
							<minLodPixels>429</minLodPixels>
							<maxLodPixels>-1</maxLodPixels>
							<minFadeExtent>0</minFadeExtent>
							<maxFadeExtent>0</maxFadeExtent>
						</Lod>
					</Region>
					<GroundOverlay>
						<drawOrder>5</drawOrder>
						<Icon>
							<href>kml_image_TP NAM DINH ND 2030_L5_1_8.png</href>
						</Icon>
						<gx:altitudeMode>clampToSeaFloor</gx:altitudeMode>
						<LatLonBox>
							<north>20.45018167792763</north>
							<south>20.43831627700376</south>
							<east>106.2235117168229</east>
							<west>106.2146748536686</west>
						</LatLonBox>
					</GroundOverlay>
				</Folder>
			</Folder>
			<Folder>
				<name>kml_image_TP NAM DINH ND 2030_L4_1_4</name>
				<Region>
					<LatLonAltBox>
						<north>20.43831627700376</north>
						<south>20.41458547515602</south>
						<east>106.2235117168229</east>
						<west>106.2146748536686</west>
						<minAltitude>0</minAltitude>
						<maxAltitude>0</maxAltitude>
					</LatLonAltBox>
					<Lod>
						<minLodPixels>304</minLodPixels>
						<maxLodPixels>2049</maxLodPixels>
						<minFadeExtent>0</minFadeExtent>
						<maxFadeExtent>0</maxFadeExtent>
					</Lod>
				</Region>
				<GroundOverlay>
					<drawOrder>4</drawOrder>
					<Icon>
						<href>kml_image_TP NAM DINH ND 2030_L4_1_4.png</href>
					</Icon>
					<gx:altitudeMode>clampToSeaFloor</gx:altitudeMode>
					<LatLonBox>
						<north>20.43831627700376</north>
						<south>20.41458547515602</south>
						<east>106.2235117168229</east>
						<west>106.2146748536686</west>
					</LatLonBox>
				</GroundOverlay>
				<Folder>
					<name>kml_image_TP NAM DINH ND 2030_L5_2_8</name>
					<Region>
						<LatLonAltBox>
							<north>20.43831627700376</north>
							<south>20.42645087607989</south>
							<east>106.2235117168229</east>
							<west>106.2146748536686</west>
							<minAltitude>0</minAltitude>
							<maxAltitude>0</maxAltitude>
						</LatLonAltBox>
						<Lod>
							<minLodPixels>429</minLodPixels>
							<maxLodPixels>-1</maxLodPixels>
							<minFadeExtent>0</minFadeExtent>
							<maxFadeExtent>0</maxFadeExtent>
						</Lod>
					</Region>
					<GroundOverlay>
						<drawOrder>5</drawOrder>
						<Icon>
							<href>kml_image_TP NAM DINH ND 2030_L5_2_8.png</href>
						</Icon>
						<gx:altitudeMode>clampToSeaFloor</gx:altitudeMode>
						<LatLonBox>
							<north>20.43831627700376</north>
							<south>20.42645087607989</south>
							<east>106.2235117168229</east>
							<west>106.2146748536686</west>
						</LatLonBox>
					</GroundOverlay>
				</Folder>
				<Folder>
					<name>kml_image_TP NAM DINH ND 2030_L5_3_8</name>
					<Region>
						<LatLonAltBox>
							<north>20.42645087607989</north>
							<south>20.41458547515602</south>
							<east>106.2235117168229</east>
							<west>106.2146748536686</west>
							<minAltitude>0</minAltitude>
							<maxAltitude>0</maxAltitude>
						</LatLonAltBox>
						<Lod>
							<minLodPixels>429</minLodPixels>
							<maxLodPixels>-1</maxLodPixels>
							<minFadeExtent>0</minFadeExtent>
							<maxFadeExtent>0</maxFadeExtent>
						</Lod>
					</Region>
					<GroundOverlay>
						<drawOrder>5</drawOrder>
						<Icon>
							<href>kml_image_TP NAM DINH ND 2030_L5_3_8.png</href>
						</Icon>
						<gx:altitudeMode>clampToSeaFloor</gx:altitudeMode>
						<LatLonBox>
							<north>20.42645087607989</north>
							<south>20.41458547515602</south>
							<east>106.2235117168229</east>
							<west>106.2146748536686</west>
						</LatLonBox>
					</GroundOverlay>
				</Folder>
			</Folder>
		</Folder>
		<Folder>
			<name>kml_image_TP NAM DINH ND 2030_L3_1_2</name>
			<Region>
				<LatLonAltBox>
					<north>20.41458547515602</north>
					<south>20.36987006288529</south>
					<east>106.2235117168229</east>
					<west>106.2146748536686</west>
					<minAltitude>0</minAltitude>
					<maxAltitude>0</maxAltitude>
				</LatLonAltBox>
				<Lod>
					<minLodPixels>208</minLodPixels>
					<maxLodPixels>2049</maxLodPixels>
					<minFadeExtent>0</minFadeExtent>
					<maxFadeExtent>0</maxFadeExtent>
				</Lod>
			</Region>
			<GroundOverlay>
				<drawOrder>3</drawOrder>
				<Icon>
					<href>kml_image_TP NAM DINH ND 2030_L3_1_2.png</href>
				</Icon>
				<gx:altitudeMode>clampToSeaFloor</gx:altitudeMode>
				<LatLonBox>
					<north>20.41458547515602</north>
					<south>20.36987006288529</south>
					<east>106.2235117168229</east>
					<west>106.2146748536686</west>
				</LatLonBox>
			</GroundOverlay>
			<Folder>
				<name>kml_image_TP NAM DINH ND 2030_L4_2_4</name>
				<Region>
					<LatLonAltBox>
						<north>20.41458547515602</north>
						<south>20.39085467330827</south>
						<east>106.2235117168229</east>
						<west>106.2146748536686</west>
						<minAltitude>0</minAltitude>
						<maxAltitude>0</maxAltitude>
					</LatLonAltBox>
					<Lod>
						<minLodPixels>304</minLodPixels>
						<maxLodPixels>2049</maxLodPixels>
						<minFadeExtent>0</minFadeExtent>
						<maxFadeExtent>0</maxFadeExtent>
					</Lod>
				</Region>
				<GroundOverlay>
					<drawOrder>4</drawOrder>
					<Icon>
						<href>kml_image_TP NAM DINH ND 2030_L4_2_4.png</href>
					</Icon>
					<gx:altitudeMode>clampToSeaFloor</gx:altitudeMode>
					<LatLonBox>
						<north>20.41458547515602</north>
						<south>20.39085467330827</south>
						<east>106.2235117168229</east>
						<west>106.2146748536686</west>
					</LatLonBox>
				</GroundOverlay>
				<Folder>
					<name>kml_image_TP NAM DINH ND 2030_L5_4_8</name>
					<Region>
						<LatLonAltBox>
							<north>20.41458547515602</north>
							<south>20.40272007423214</south>
							<east>106.2235117168229</east>
							<west>106.2146748536686</west>
							<minAltitude>0</minAltitude>
							<maxAltitude>0</maxAltitude>
						</LatLonAltBox>
						<Lod>
							<minLodPixels>429</minLodPixels>
							<maxLodPixels>-1</maxLodPixels>
							<minFadeExtent>0</minFadeExtent>
							<maxFadeExtent>0</maxFadeExtent>
						</Lod>
					</Region>
					<GroundOverlay>
						<drawOrder>5</drawOrder>
						<Icon>
							<href>kml_image_TP NAM DINH ND 2030_L5_4_8.png</href>
						</Icon>
						<gx:altitudeMode>clampToSeaFloor</gx:altitudeMode>
						<LatLonBox>
							<north>20.41458547515602</north>
							<south>20.40272007423214</south>
							<east>106.2235117168229</east>
							<west>106.2146748536686</west>
						</LatLonBox>
					</GroundOverlay>
				</Folder>
				<Folder>
					<name>kml_image_TP NAM DINH ND 2030_L5_5_8</name>
					<Region>
						<LatLonAltBox>
							<north>20.40272007423214</north>
							<south>20.39085467330827</south>
							<east>106.2235117168229</east>
							<west>106.2146748536686</west>
							<minAltitude>0</minAltitude>
							<maxAltitude>0</maxAltitude>
						</LatLonAltBox>
						<Lod>
							<minLodPixels>429</minLodPixels>
							<maxLodPixels>-1</maxLodPixels>
							<minFadeExtent>0</minFadeExtent>
							<maxFadeExtent>0</maxFadeExtent>
						</Lod>
					</Region>
					<GroundOverlay>
						<drawOrder>5</drawOrder>
						<Icon>
							<href>kml_image_TP NAM DINH ND 2030_L5_5_8.png</href>
						</Icon>
						<gx:altitudeMode>clampToSeaFloor</gx:altitudeMode>
						<LatLonBox>
							<north>20.40272007423214</north>
							<south>20.39085467330827</south>
							<east>106.2235117168229</east>
							<west>106.2146748536686</west>
						</LatLonBox>
					</GroundOverlay>
				</Folder>
			</Folder>
			<Folder>
				<name>kml_image_TP NAM DINH ND 2030_L4_3_4</name>
				<Region>
					<LatLonAltBox>
						<north>20.39085467330827</north>
						<south>20.36987006288529</south>
						<east>106.2235117168229</east>
						<west>106.2146748536686</west>
						<minAltitude>0</minAltitude>
						<maxAltitude>0</maxAltitude>
					</LatLonAltBox>
					<Lod>
						<minLodPixels>285</minLodPixels>
						<maxLodPixels>2049</maxLodPixels>
						<minFadeExtent>0</minFadeExtent>
						<maxFadeExtent>0</maxFadeExtent>
					</Lod>
				</Region>
				<GroundOverlay>
					<drawOrder>4</drawOrder>
					<Icon>
						<href>kml_image_TP NAM DINH ND 2030_L4_3_4.png</href>
					</Icon>
					<gx:altitudeMode>clampToSeaFloor</gx:altitudeMode>
					<LatLonBox>
						<north>20.39085467330827</north>
						<south>20.36987006288529</south>
						<east>106.2235117168229</east>
						<west>106.2146748536686</west>
					</LatLonBox>
				</GroundOverlay>
				<Folder>
					<name>kml_image_TP NAM DINH ND 2030_L5_6_8</name>
					<Region>
						<LatLonAltBox>
							<north>20.39085467330827</north>
							<south>20.3789892723844</south>
							<east>106.2235117168229</east>
							<west>106.2146748536686</west>
							<minAltitude>0</minAltitude>
							<maxAltitude>0</maxAltitude>
						</LatLonAltBox>
						<Lod>
							<minLodPixels>429</minLodPixels>
							<maxLodPixels>-1</maxLodPixels>
							<minFadeExtent>0</minFadeExtent>
							<maxFadeExtent>0</maxFadeExtent>
						</Lod>
					</Region>
					<GroundOverlay>
						<drawOrder>5</drawOrder>
						<Icon>
							<href>kml_image_TP NAM DINH ND 2030_L5_6_8.png</href>
						</Icon>
						<gx:altitudeMode>clampToSeaFloor</gx:altitudeMode>
						<LatLonBox>
							<north>20.39085467330827</north>
							<south>20.3789892723844</south>
							<east>106.2235117168229</east>
							<west>106.2146748536686</west>
						</LatLonBox>
					</GroundOverlay>
				</Folder>
				<Folder>
					<name>kml_image_TP NAM DINH ND 2030_L5_7_8</name>
					<Region>
						<LatLonAltBox>
							<north>20.3789892723844</north>
							<south>20.36987006288529</south>
							<east>106.2235117168229</east>
							<west>106.2146748536686</west>
							<minAltitude>0</minAltitude>
							<maxAltitude>0</maxAltitude>
						</LatLonAltBox>
						<Lod>
							<minLodPixels>376</minLodPixels>
							<maxLodPixels>-1</maxLodPixels>
							<minFadeExtent>0</minFadeExtent>
							<maxFadeExtent>0</maxFadeExtent>
						</Lod>
					</Region>
					<GroundOverlay>
						<drawOrder>5</drawOrder>
						<Icon>
							<href>kml_image_TP NAM DINH ND 2030_L5_7_8.png</href>
						</Icon>
						<gx:altitudeMode>clampToSeaFloor</gx:altitudeMode>
						<LatLonBox>
							<north>20.3789892723844</north>
							<south>20.36987006288529</south>
							<east>106.2235117168229</east>
							<west>106.2146748536686</west>
						</LatLonBox>
					</GroundOverlay>
				</Folder>
			</Folder>
		</Folder>
	</Folder>
	<Folder>
		<name>kml_image_TP NAM DINH ND 2030_L1_0_0</name>
		<Region>
			<LatLonAltBox>
				<north>20.4620470788515</north>
				<south>20.36987006288529</south>
				<east>106.2235117168229</east>
				<west>106.113991149969</west>
				<minAltitude>0</minAltitude>
				<maxAltitude>0</maxAltitude>
			</LatLonAltBox>
			<Lod>
				<minLodPixels>32</minLodPixels>
				<maxLodPixels>2049</maxLodPixels>
				<minFadeExtent>0</minFadeExtent>
				<maxFadeExtent>0</maxFadeExtent>
			</Lod>
		</Region>
		<GroundOverlay>
			<drawOrder>1</drawOrder>
			<Icon>
				<href>kml_image_TP NAM DINH ND 2030_L1_0_0.png</href>
			</Icon>
			<gx:altitudeMode>clampToSeaFloor</gx:altitudeMode>
			<LatLonBox>
				<north>20.4620470788515</north>
				<south>20.36987006288529</south>
				<east>106.2235117168229</east>
				<west>106.113991149969</west>
			</LatLonBox>
		</GroundOverlay>
		<Folder>
			<name>kml_image_TP NAM DINH ND 2030_L2_0_0</name>
			<Region>
				<LatLonAltBox>
					<north>20.4620470788515</north>
					<south>20.36987006288529</south>
					<east>106.2146748536686</east>
					<west>106.113991149969</west>
					<minAltitude>0</minAltitude>
					<maxAltitude>0</maxAltitude>
				</LatLonAltBox>
				<Lod>
					<minLodPixels>504</minLodPixels>
					<maxLodPixels>2049</maxLodPixels>
					<minFadeExtent>0</minFadeExtent>
					<maxFadeExtent>0</maxFadeExtent>
				</Lod>
			</Region>
			<GroundOverlay>
				<drawOrder>2</drawOrder>
				<Icon>
					<href>kml_image_TP NAM DINH ND 2030_L2_0_0.png</href>
				</Icon>
				<gx:altitudeMode>clampToSeaFloor</gx:altitudeMode>
				<LatLonBox>
					<north>20.4620470788515</north>
					<south>20.36987006288529</south>
					<east>106.2146748536686</east>
					<west>106.113991149969</west>
				</LatLonBox>
			</GroundOverlay>
			<Folder>
				<name>kml_image_TP NAM DINH ND 2030_L3_0_0</name>
				<Region>
					<LatLonAltBox>
						<north>20.4620470788515</north>
						<south>20.41458547515602</south>
						<east>106.1643330018188</east>
						<west>106.113991149969</west>
						<minAltitude>0</minAltitude>
						<maxAltitude>0</maxAltitude>
					</LatLonAltBox>
					<Lod>
						<minLodPixels>512</minLodPixels>
						<maxLodPixels>2049</maxLodPixels>
						<minFadeExtent>0</minFadeExtent>
						<maxFadeExtent>0</maxFadeExtent>
					</Lod>
				</Region>
				<GroundOverlay>
					<drawOrder>3</drawOrder>
					<Icon>
						<href>kml_image_TP NAM DINH ND 2030_L3_0_0.png</href>
					</Icon>
					<gx:altitudeMode>clampToSeaFloor</gx:altitudeMode>
					<LatLonBox>
						<north>20.4620470788515</north>
						<south>20.41458547515602</south>
						<east>106.1643330018188</east>
						<west>106.113991149969</west>
					</LatLonBox>
				</GroundOverlay>
				<Folder>
					<name>kml_image_TP NAM DINH ND 2030_L4_0_0</name>
					<Region>
						<LatLonAltBox>
							<north>20.4620470788515</north>
							<south>20.43831627700376</south>
							<east>106.1391620758939</east>
							<west>106.113991149969</west>
							<minAltitude>0</minAltitude>
							<maxAltitude>0</maxAltitude>
						</LatLonAltBox>
						<Lod>
							<minLodPixels>512</minLodPixels>
							<maxLodPixels>2049</maxLodPixels>
							<minFadeExtent>0</minFadeExtent>
							<maxFadeExtent>0</maxFadeExtent>
						</Lod>
					</Region>
					<GroundOverlay>
						<drawOrder>4</drawOrder>
						<Icon>
							<href>kml_image_TP NAM DINH ND 2030_L4_0_0.png</href>
						</Icon>
						<gx:altitudeMode>clampToSeaFloor</gx:altitudeMode>
						<LatLonBox>
							<north>20.4620470788515</north>
							<south>20.43831627700376</south>
							<east>106.1391620758939</east>
							<west>106.113991149969</west>
						</LatLonBox>
					</GroundOverlay>
					<Folder>
						<name>kml_image_TP NAM DINH ND 2030_L5_1_0</name>
						<Region>
							<LatLonAltBox>
								<north>20.45018167792763</north>
								<south>20.43831627700376</south>
								<east>106.1265766129314</east>
								<west>106.113991149969</west>
								<minAltitude>0</minAltitude>
								<maxAltitude>0</maxAltitude>
							</LatLonAltBox>
							<Lod>
								<minLodPixels>512</minLodPixels>
								<maxLodPixels>-1</maxLodPixels>
								<minFadeExtent>0</minFadeExtent>
								<maxFadeExtent>0</maxFadeExtent>
							</Lod>
						</Region>
						<GroundOverlay>
							<drawOrder>5</drawOrder>
							<Icon>
								<href>kml_image_TP NAM DINH ND 2030_L5_1_0.png</href>
							</Icon>
							<gx:altitudeMode>clampToSeaFloor</gx:altitudeMode>
							<LatLonBox>
								<north>20.45018167792763</north>
								<south>20.43831627700376</south>
								<east>106.1265766129314</east>
								<west>106.113991149969</west>
							</LatLonBox>
						</GroundOverlay>
					</Folder>
					<Folder>
						<name>kml_image_TP NAM DINH ND 2030_L5_1_1</name>
						<Region>
							<LatLonAltBox>
								<north>20.45018167792763</north>
								<south>20.43831627700376</south>
								<east>106.1391620758939</east>
								<west>106.1265766129314</west>
								<minAltitude>0</minAltitude>
								<maxAltitude>0</maxAltitude>
							</LatLonAltBox>
							<Lod>
								<minLodPixels>512</minLodPixels>
								<maxLodPixels>-1</maxLodPixels>
								<minFadeExtent>0</minFadeExtent>
								<maxFadeExtent>0</maxFadeExtent>
							</Lod>
						</Region>
						<GroundOverlay>
							<drawOrder>5</drawOrder>
							<Icon>
								<href>kml_image_TP NAM DINH ND 2030_L5_1_1.png</href>
							</Icon>
							<gx:altitudeMode>clampToSeaFloor</gx:altitudeMode>
							<LatLonBox>
								<north>20.45018167792763</north>
								<south>20.43831627700376</south>
								<east>106.1391620758939</east>
								<west>106.1265766129314</west>
							</LatLonBox>
						</GroundOverlay>
					</Folder>
				</Folder>
				<Folder>
					<name>kml_image_TP NAM DINH ND 2030_L4_0_1</name>
					<Region>
						<LatLonAltBox>
							<north>20.4620470788515</north>
							<south>20.43831627700376</south>
							<east>106.1643330018188</east>
							<west>106.1391620758939</west>
							<minAltitude>0</minAltitude>
							<maxAltitude>0</maxAltitude>
						</LatLonAltBox>
						<Lod>
							<minLodPixels>512</minLodPixels>
							<maxLodPixels>2049</maxLodPixels>
							<minFadeExtent>0</minFadeExtent>
							<maxFadeExtent>0</maxFadeExtent>
						</Lod>
					</Region>
					<GroundOverlay>
						<drawOrder>4</drawOrder>
						<Icon>
							<href>kml_image_TP NAM DINH ND 2030_L4_0_1.png</href>
						</Icon>
						<gx:altitudeMode>clampToSeaFloor</gx:altitudeMode>
						<LatLonBox>
							<north>20.4620470788515</north>
							<south>20.43831627700376</south>
							<east>106.1643330018188</east>
							<west>106.1391620758939</west>
						</LatLonBox>
					</GroundOverlay>
					<Folder>
						<name>kml_image_TP NAM DINH ND 2030_L5_0_2</name>
						<Region>
							<LatLonAltBox>
								<north>20.4620470788515</north>
								<south>20.45018167792763</south>
								<east>106.1517475388563</east>
								<west>106.1391620758939</west>
								<minAltitude>0</minAltitude>
								<maxAltitude>0</maxAltitude>
							</LatLonAltBox>
							<Lod>
								<minLodPixels>512</minLodPixels>
								<maxLodPixels>-1</maxLodPixels>
								<minFadeExtent>0</minFadeExtent>
								<maxFadeExtent>0</maxFadeExtent>
							</Lod>
						</Region>
						<GroundOverlay>
							<drawOrder>5</drawOrder>
							<Icon>
								<href>kml_image_TP NAM DINH ND 2030_L5_0_2.png</href>
							</Icon>
							<gx:altitudeMode>clampToSeaFloor</gx:altitudeMode>
							<LatLonBox>
								<north>20.4620470788515</north>
								<south>20.45018167792763</south>
								<east>106.1517475388563</east>
								<west>106.1391620758939</west>
							</LatLonBox>
						</GroundOverlay>
					</Folder>
					<Folder>
						<name>kml_image_TP NAM DINH ND 2030_L5_0_3</name>
						<Region>
							<LatLonAltBox>
								<north>20.4620470788515</north>
								<south>20.45018167792763</south>
								<east>106.1643330018188</east>
								<west>106.1517475388563</west>
								<minAltitude>0</minAltitude>
								<maxAltitude>0</maxAltitude>
							</LatLonAltBox>
							<Lod>
								<minLodPixels>512</minLodPixels>
								<maxLodPixels>-1</maxLodPixels>
								<minFadeExtent>0</minFadeExtent>
								<maxFadeExtent>0</maxFadeExtent>
							</Lod>
						</Region>
						<GroundOverlay>
							<drawOrder>5</drawOrder>
							<Icon>
								<href>kml_image_TP NAM DINH ND 2030_L5_0_3.png</href>
							</Icon>
							<gx:altitudeMode>clampToSeaFloor</gx:altitudeMode>
							<LatLonBox>
								<north>20.4620470788515</north>
								<south>20.45018167792763</south>
								<east>106.1643330018188</east>
								<west>106.1517475388563</west>
							</LatLonBox>
						</GroundOverlay>
					</Folder>
					<Folder>
						<name>kml_image_TP NAM DINH ND 2030_L5_1_2</name>
						<Region>
							<LatLonAltBox>
								<north>20.45018167792763</north>
								<south>20.43831627700376</south>
								<east>106.1517475388563</east>
								<west>106.1391620758939</west>
								<minAltitude>0</minAltitude>
								<maxAltitude>0</maxAltitude>
							</LatLonAltBox>
							<Lod>
								<minLodPixels>512</minLodPixels>
								<maxLodPixels>-1</maxLodPixels>
								<minFadeExtent>0</minFadeExtent>
								<maxFadeExtent>0</maxFadeExtent>
							</Lod>
						</Region>
						<GroundOverlay>
							<drawOrder>5</drawOrder>
							<Icon>
								<href>kml_image_TP NAM DINH ND 2030_L5_1_2.png</href>
							</Icon>
							<gx:altitudeMode>clampToSeaFloor</gx:altitudeMode>
							<LatLonBox>
								<north>20.45018167792763</north>
								<south>20.43831627700376</south>
								<east>106.1517475388563</east>
								<west>106.1391620758939</west>
							</LatLonBox>
						</GroundOverlay>
					</Folder>
					<Folder>
						<name>kml_image_TP NAM DINH ND 2030_L5_1_3</name>
						<Region>
							<LatLonAltBox>
								<north>20.45018167792763</north>
								<south>20.43831627700376</south>
								<east>106.1643330018188</east>
								<west>106.1517475388563</west>
								<minAltitude>0</minAltitude>
								<maxAltitude>0</maxAltitude>
							</LatLonAltBox>
							<Lod>
								<minLodPixels>512</minLodPixels>
								<maxLodPixels>-1</maxLodPixels>
								<minFadeExtent>0</minFadeExtent>
								<maxFadeExtent>0</maxFadeExtent>
							</Lod>
						</Region>
						<GroundOverlay>
							<drawOrder>5</drawOrder>
							<Icon>
								<href>kml_image_TP NAM DINH ND 2030_L5_1_3.png</href>
							</Icon>
							<gx:altitudeMode>clampToSeaFloor</gx:altitudeMode>
							<LatLonBox>
								<north>20.45018167792763</north>
								<south>20.43831627700376</south>
								<east>106.1643330018188</east>
								<west>106.1517475388563</west>
							</LatLonBox>
						</GroundOverlay>
					</Folder>
				</Folder>
				<Folder>
					<name>kml_image_TP NAM DINH ND 2030_L4_1_0</name>
					<Region>
						<LatLonAltBox>
							<north>20.43831627700376</north>
							<south>20.41458547515602</south>
							<east>106.1391620758939</east>
							<west>106.113991149969</west>
							<minAltitude>0</minAltitude>
							<maxAltitude>0</maxAltitude>
						</LatLonAltBox>
						<Lod>
							<minLodPixels>512</minLodPixels>
							<maxLodPixels>2049</maxLodPixels>
							<minFadeExtent>0</minFadeExtent>
							<maxFadeExtent>0</maxFadeExtent>
						</Lod>
					</Region>
					<GroundOverlay>
						<drawOrder>4</drawOrder>
						<Icon>
							<href>kml_image_TP NAM DINH ND 2030_L4_1_0.png</href>
						</Icon>
						<gx:altitudeMode>clampToSeaFloor</gx:altitudeMode>
						<LatLonBox>
							<north>20.43831627700376</north>
							<south>20.41458547515602</south>
							<east>106.1391620758939</east>
							<west>106.113991149969</west>
						</LatLonBox>
					</GroundOverlay>
					<Folder>
						<name>kml_image_TP NAM DINH ND 2030_L5_2_0</name>
						<Region>
							<LatLonAltBox>
								<north>20.43831627700376</north>
								<south>20.42645087607989</south>
								<east>106.1265766129314</east>
								<west>106.113991149969</west>
								<minAltitude>0</minAltitude>
								<maxAltitude>0</maxAltitude>
							</LatLonAltBox>
							<Lod>
								<minLodPixels>512</minLodPixels>
								<maxLodPixels>-1</maxLodPixels>
								<minFadeExtent>0</minFadeExtent>
								<maxFadeExtent>0</maxFadeExtent>
							</Lod>
						</Region>
						<GroundOverlay>
							<drawOrder>5</drawOrder>
							<Icon>
								<href>kml_image_TP NAM DINH ND 2030_L5_2_0.png</href>
							</Icon>
							<gx:altitudeMode>clampToSeaFloor</gx:altitudeMode>
							<LatLonBox>
								<north>20.43831627700376</north>
								<south>20.42645087607989</south>
								<east>106.1265766129314</east>
								<west>106.113991149969</west>
							</LatLonBox>
						</GroundOverlay>
					</Folder>
					<Folder>
						<name>kml_image_TP NAM DINH ND 2030_L5_2_1</name>
						<Region>
							<LatLonAltBox>
								<north>20.43831627700376</north>
								<south>20.42645087607989</south>
								<east>106.1391620758939</east>
								<west>106.1265766129314</west>
								<minAltitude>0</minAltitude>
								<maxAltitude>0</maxAltitude>
							</LatLonAltBox>
							<Lod>
								<minLodPixels>512</minLodPixels>
								<maxLodPixels>-1</maxLodPixels>
								<minFadeExtent>0</minFadeExtent>
								<maxFadeExtent>0</maxFadeExtent>
							</Lod>
						</Region>
						<GroundOverlay>
							<drawOrder>5</drawOrder>
							<Icon>
								<href>kml_image_TP NAM DINH ND 2030_L5_2_1.png</href>
							</Icon>
							<gx:altitudeMode>clampToSeaFloor</gx:altitudeMode>
							<LatLonBox>
								<north>20.43831627700376</north>
								<south>20.42645087607989</south>
								<east>106.1391620758939</east>
								<west>106.1265766129314</west>
							</LatLonBox>
						</GroundOverlay>
					</Folder>
					<Folder>
						<name>kml_image_TP NAM DINH ND 2030_L5_3_0</name>
						<Region>
							<LatLonAltBox>
								<north>20.42645087607989</north>
								<south>20.41458547515602</south>
								<east>106.1265766129314</east>
								<west>106.113991149969</west>
								<minAltitude>0</minAltitude>
								<maxAltitude>0</maxAltitude>
							</LatLonAltBox>
							<Lod>
								<minLodPixels>512</minLodPixels>
								<maxLodPixels>-1</maxLodPixels>
								<minFadeExtent>0</minFadeExtent>
								<maxFadeExtent>0</maxFadeExtent>
							</Lod>
						</Region>
						<GroundOverlay>
							<drawOrder>5</drawOrder>
							<Icon>
								<href>kml_image_TP NAM DINH ND 2030_L5_3_0.png</href>
							</Icon>
							<gx:altitudeMode>clampToSeaFloor</gx:altitudeMode>
							<LatLonBox>
								<north>20.42645087607989</north>
								<south>20.41458547515602</south>
								<east>106.1265766129314</east>
								<west>106.113991149969</west>
							</LatLonBox>
						</GroundOverlay>
					</Folder>
					<Folder>
						<name>kml_image_TP NAM DINH ND 2030_L5_3_1</name>
						<Region>
							<LatLonAltBox>
								<north>20.42645087607989</north>
								<south>20.41458547515602</south>
								<east>106.1391620758939</east>
								<west>106.1265766129314</west>
								<minAltitude>0</minAltitude>
								<maxAltitude>0</maxAltitude>
							</LatLonAltBox>
							<Lod>
								<minLodPixels>512</minLodPixels>
								<maxLodPixels>-1</maxLodPixels>
								<minFadeExtent>0</minFadeExtent>
								<maxFadeExtent>0</maxFadeExtent>
							</Lod>
						</Region>
						<GroundOverlay>
							<drawOrder>5</drawOrder>
							<Icon>
								<href>kml_image_TP NAM DINH ND 2030_L5_3_1.png</href>
							</Icon>
							<gx:altitudeMode>clampToSeaFloor</gx:altitudeMode>
							<LatLonBox>
								<north>20.42645087607989</north>
								<south>20.41458547515602</south>
								<east>106.1391620758939</east>
								<west>106.1265766129314</west>
							</LatLonBox>
						</GroundOverlay>
					</Folder>
				</Folder>
				<Folder>
					<name>kml_image_TP NAM DINH ND 2030_L4_1_1</name>
					<Region>
						<LatLonAltBox>
							<north>20.43831627700376</north>
							<south>20.41458547515602</south>
							<east>106.1643330018188</east>
							<west>106.1391620758939</west>
							<minAltitude>0</minAltitude>
							<maxAltitude>0</maxAltitude>
						</LatLonAltBox>
						<Lod>
							<minLodPixels>512</minLodPixels>
							<maxLodPixels>2049</maxLodPixels>
							<minFadeExtent>0</minFadeExtent>
							<maxFadeExtent>0</maxFadeExtent>
						</Lod>
					</Region>
					<GroundOverlay>
						<drawOrder>4</drawOrder>
						<Icon>
							<href>kml_image_TP NAM DINH ND 2030_L4_1_1.png</href>
						</Icon>
						<gx:altitudeMode>clampToSeaFloor</gx:altitudeMode>
						<LatLonBox>
							<north>20.43831627700376</north>
							<south>20.41458547515602</south>
							<east>106.1643330018188</east>
							<west>106.1391620758939</west>
						</LatLonBox>
					</GroundOverlay>
					<Folder>
						<name>kml_image_TP NAM DINH ND 2030_L5_2_2</name>
						<Region>
							<LatLonAltBox>
								<north>20.43831627700376</north>
								<south>20.42645087607989</south>
								<east>106.1517475388563</east>
								<west>106.1391620758939</west>
								<minAltitude>0</minAltitude>
								<maxAltitude>0</maxAltitude>
							</LatLonAltBox>
							<Lod>
								<minLodPixels>512</minLodPixels>
								<maxLodPixels>-1</maxLodPixels>
								<minFadeExtent>0</minFadeExtent>
								<maxFadeExtent>0</maxFadeExtent>
							</Lod>
						</Region>
						<GroundOverlay>
							<drawOrder>5</drawOrder>
							<Icon>
								<href>kml_image_TP NAM DINH ND 2030_L5_2_2.png</href>
							</Icon>
							<gx:altitudeMode>clampToSeaFloor</gx:altitudeMode>
							<LatLonBox>
								<north>20.43831627700376</north>
								<south>20.42645087607989</south>
								<east>106.1517475388563</east>
								<west>106.1391620758939</west>
							</LatLonBox>
						</GroundOverlay>
					</Folder>
					<Folder>
						<name>kml_image_TP NAM DINH ND 2030_L5_2_3</name>
						<Region>
							<LatLonAltBox>
								<north>20.43831627700376</north>
								<south>20.42645087607989</south>
								<east>106.1643330018188</east>
								<west>106.1517475388563</west>
								<minAltitude>0</minAltitude>
								<maxAltitude>0</maxAltitude>
							</LatLonAltBox>
							<Lod>
								<minLodPixels>512</minLodPixels>
								<maxLodPixels>-1</maxLodPixels>
								<minFadeExtent>0</minFadeExtent>
								<maxFadeExtent>0</maxFadeExtent>
							</Lod>
						</Region>
						<GroundOverlay>
							<drawOrder>5</drawOrder>
							<Icon>
								<href>kml_image_TP NAM DINH ND 2030_L5_2_3.png</href>
							</Icon>
							<gx:altitudeMode>clampToSeaFloor</gx:altitudeMode>
							<LatLonBox>
								<north>20.43831627700376</north>
								<south>20.42645087607989</south>
								<east>106.1643330018188</east>
								<west>106.1517475388563</west>
							</LatLonBox>
						</GroundOverlay>
					</Folder>
					<Folder>
						<name>kml_image_TP NAM DINH ND 2030_L5_3_2</name>
						<Region>
							<LatLonAltBox>
								<north>20.42645087607989</north>
								<south>20.41458547515602</south>
								<east>106.1517475388563</east>
								<west>106.1391620758939</west>
								<minAltitude>0</minAltitude>
								<maxAltitude>0</maxAltitude>
							</LatLonAltBox>
							<Lod>
								<minLodPixels>512</minLodPixels>
								<maxLodPixels>-1</maxLodPixels>
								<minFadeExtent>0</minFadeExtent>
								<maxFadeExtent>0</maxFadeExtent>
							</Lod>
						</Region>
						<GroundOverlay>
							<drawOrder>5</drawOrder>
							<Icon>
								<href>kml_image_TP NAM DINH ND 2030_L5_3_2.png</href>
							</Icon>
							<gx:altitudeMode>clampToSeaFloor</gx:altitudeMode>
							<LatLonBox>
								<north>20.42645087607989</north>
								<south>20.41458547515602</south>
								<east>106.1517475388563</east>
								<west>106.1391620758939</west>
							</LatLonBox>
						</GroundOverlay>
					</Folder>
					<Folder>
						<name>kml_image_TP NAM DINH ND 2030_L5_3_3</name>
						<Region>
							<LatLonAltBox>
								<north>20.42645087607989</north>
								<south>20.41458547515602</south>
								<east>106.1643330018188</east>
								<west>106.1517475388563</west>
								<minAltitude>0</minAltitude>
								<maxAltitude>0</maxAltitude>
							</LatLonAltBox>
							<Lod>
								<minLodPixels>512</minLodPixels>
								<maxLodPixels>-1</maxLodPixels>
								<minFadeExtent>0</minFadeExtent>
								<maxFadeExtent>0</maxFadeExtent>
							</Lod>
						</Region>
						<GroundOverlay>
							<drawOrder>5</drawOrder>
							<Icon>
								<href>kml_image_TP NAM DINH ND 2030_L5_3_3.png</href>
							</Icon>
							<gx:altitudeMode>clampToSeaFloor</gx:altitudeMode>
							<LatLonBox>
								<north>20.42645087607989</north>
								<south>20.41458547515602</south>
								<east>106.1643330018188</east>
								<west>106.1517475388563</west>
							</LatLonBox>
						</GroundOverlay>
					</Folder>
				</Folder>
			</Folder>
			<Folder>
				<name>kml_image_TP NAM DINH ND 2030_L3_0_1</name>
				<Region>
					<LatLonAltBox>
						<north>20.4620470788515</north>
						<south>20.41458547515602</south>
						<east>106.2146748536686</east>
						<west>106.1643330018188</west>
						<minAltitude>0</minAltitude>
						<maxAltitude>0</maxAltitude>
					</LatLonAltBox>
					<Lod>
						<minLodPixels>512</minLodPixels>
						<maxLodPixels>2049</maxLodPixels>
						<minFadeExtent>0</minFadeExtent>
						<maxFadeExtent>0</maxFadeExtent>
					</Lod>
				</Region>
				<GroundOverlay>
					<drawOrder>3</drawOrder>
					<Icon>
						<href>kml_image_TP NAM DINH ND 2030_L3_0_1.png</href>
					</Icon>
					<gx:altitudeMode>clampToSeaFloor</gx:altitudeMode>
					<LatLonBox>
						<north>20.4620470788515</north>
						<south>20.41458547515602</south>
						<east>106.2146748536686</east>
						<west>106.1643330018188</west>
					</LatLonBox>
				</GroundOverlay>
				<Folder>
					<name>kml_image_TP NAM DINH ND 2030_L4_0_2</name>
					<Region>
						<LatLonAltBox>
							<north>20.4620470788515</north>
							<south>20.43831627700376</south>
							<east>106.1895039277437</east>
							<west>106.1643330018188</west>
							<minAltitude>0</minAltitude>
							<maxAltitude>0</maxAltitude>
						</LatLonAltBox>
						<Lod>
							<minLodPixels>512</minLodPixels>
							<maxLodPixels>2049</maxLodPixels>
							<minFadeExtent>0</minFadeExtent>
							<maxFadeExtent>0</maxFadeExtent>
						</Lod>
					</Region>
					<GroundOverlay>
						<drawOrder>4</drawOrder>
						<Icon>
							<href>kml_image_TP NAM DINH ND 2030_L4_0_2.png</href>
						</Icon>
						<gx:altitudeMode>clampToSeaFloor</gx:altitudeMode>
						<LatLonBox>
							<north>20.4620470788515</north>
							<south>20.43831627700376</south>
							<east>106.1895039277437</east>
							<west>106.1643330018188</west>
						</LatLonBox>
					</GroundOverlay>
					<Folder>
						<name>kml_image_TP NAM DINH ND 2030_L5_0_4</name>
						<Region>
							<LatLonAltBox>
								<north>20.4620470788515</north>
								<south>20.45018167792763</south>
								<east>106.1769184647812</east>
								<west>106.1643330018188</west>
								<minAltitude>0</minAltitude>
								<maxAltitude>0</maxAltitude>
							</LatLonAltBox>
							<Lod>
								<minLodPixels>512</minLodPixels>
								<maxLodPixels>-1</maxLodPixels>
								<minFadeExtent>0</minFadeExtent>
								<maxFadeExtent>0</maxFadeExtent>
							</Lod>
						</Region>
						<GroundOverlay>
							<drawOrder>5</drawOrder>
							<Icon>
								<href>kml_image_TP NAM DINH ND 2030_L5_0_4.png</href>
							</Icon>
							<gx:altitudeMode>clampToSeaFloor</gx:altitudeMode>
							<LatLonBox>
								<north>20.4620470788515</north>
								<south>20.45018167792763</south>
								<east>106.1769184647812</east>
								<west>106.1643330018188</west>
							</LatLonBox>
						</GroundOverlay>
					</Folder>
					<Folder>
						<name>kml_image_TP NAM DINH ND 2030_L5_0_5</name>
						<Region>
							<LatLonAltBox>
								<north>20.4620470788515</north>
								<south>20.45018167792763</south>
								<east>106.1895039277437</east>
								<west>106.1769184647812</west>
								<minAltitude>0</minAltitude>
								<maxAltitude>0</maxAltitude>
							</LatLonAltBox>
							<Lod>
								<minLodPixels>512</minLodPixels>
								<maxLodPixels>-1</maxLodPixels>
								<minFadeExtent>0</minFadeExtent>
								<maxFadeExtent>0</maxFadeExtent>
							</Lod>
						</Region>
						<GroundOverlay>
							<drawOrder>5</drawOrder>
							<Icon>
								<href>kml_image_TP NAM DINH ND 2030_L5_0_5.png</href>
							</Icon>
							<gx:altitudeMode>clampToSeaFloor</gx:altitudeMode>
							<LatLonBox>
								<north>20.4620470788515</north>
								<south>20.45018167792763</south>
								<east>106.1895039277437</east>
								<west>106.1769184647812</west>
							</LatLonBox>
						</GroundOverlay>
					</Folder>
					<Folder>
						<name>kml_image_TP NAM DINH ND 2030_L5_1_4</name>
						<Region>
							<LatLonAltBox>
								<north>20.45018167792763</north>
								<south>20.43831627700376</south>
								<east>106.1769184647812</east>
								<west>106.1643330018188</west>
								<minAltitude>0</minAltitude>
								<maxAltitude>0</maxAltitude>
							</LatLonAltBox>
							<Lod>
								<minLodPixels>512</minLodPixels>
								<maxLodPixels>-1</maxLodPixels>
								<minFadeExtent>0</minFadeExtent>
								<maxFadeExtent>0</maxFadeExtent>
							</Lod>
						</Region>
						<GroundOverlay>
							<drawOrder>5</drawOrder>
							<Icon>
								<href>kml_image_TP NAM DINH ND 2030_L5_1_4.png</href>
							</Icon>
							<gx:altitudeMode>clampToSeaFloor</gx:altitudeMode>
							<LatLonBox>
								<north>20.45018167792763</north>
								<south>20.43831627700376</south>
								<east>106.1769184647812</east>
								<west>106.1643330018188</west>
							</LatLonBox>
						</GroundOverlay>
					</Folder>
					<Folder>
						<name>kml_image_TP NAM DINH ND 2030_L5_1_5</name>
						<Region>
							<LatLonAltBox>
								<north>20.45018167792763</north>
								<south>20.43831627700376</south>
								<east>106.1895039277437</east>
								<west>106.1769184647812</west>
								<minAltitude>0</minAltitude>
								<maxAltitude>0</maxAltitude>
							</LatLonAltBox>
							<Lod>
								<minLodPixels>512</minLodPixels>
								<maxLodPixels>-1</maxLodPixels>
								<minFadeExtent>0</minFadeExtent>
								<maxFadeExtent>0</maxFadeExtent>
							</Lod>
						</Region>
						<GroundOverlay>
							<drawOrder>5</drawOrder>
							<Icon>
								<href>kml_image_TP NAM DINH ND 2030_L5_1_5.png</href>
							</Icon>
							<gx:altitudeMode>clampToSeaFloor</gx:altitudeMode>
							<LatLonBox>
								<north>20.45018167792763</north>
								<south>20.43831627700376</south>
								<east>106.1895039277437</east>
								<west>106.1769184647812</west>
							</LatLonBox>
						</GroundOverlay>
					</Folder>
				</Folder>
				<Folder>
					<name>kml_image_TP NAM DINH ND 2030_L4_0_3</name>
					<Region>
						<LatLonAltBox>
							<north>20.4620470788515</north>
							<south>20.43831627700376</south>
							<east>106.2146748536686</east>
							<west>106.1895039277437</west>
							<minAltitude>0</minAltitude>
							<maxAltitude>0</maxAltitude>
						</LatLonAltBox>
						<Lod>
							<minLodPixels>512</minLodPixels>
							<maxLodPixels>2049</maxLodPixels>
							<minFadeExtent>0</minFadeExtent>
							<maxFadeExtent>0</maxFadeExtent>
						</Lod>
					</Region>
					<GroundOverlay>
						<drawOrder>4</drawOrder>
						<Icon>
							<href>kml_image_TP NAM DINH ND 2030_L4_0_3.png</href>
						</Icon>
						<gx:altitudeMode>clampToSeaFloor</gx:altitudeMode>
						<LatLonBox>
							<north>20.4620470788515</north>
							<south>20.43831627700376</south>
							<east>106.2146748536686</east>
							<west>106.1895039277437</west>
						</LatLonBox>
					</GroundOverlay>
					<Folder>
						<name>kml_image_TP NAM DINH ND 2030_L5_0_6</name>
						<Region>
							<LatLonAltBox>
								<north>20.4620470788515</north>
								<south>20.45018167792763</south>
								<east>106.2020893907061</east>
								<west>106.1895039277437</west>
								<minAltitude>0</minAltitude>
								<maxAltitude>0</maxAltitude>
							</LatLonAltBox>
							<Lod>
								<minLodPixels>512</minLodPixels>
								<maxLodPixels>-1</maxLodPixels>
								<minFadeExtent>0</minFadeExtent>
								<maxFadeExtent>0</maxFadeExtent>
							</Lod>
						</Region>
						<GroundOverlay>
							<drawOrder>5</drawOrder>
							<Icon>
								<href>kml_image_TP NAM DINH ND 2030_L5_0_6.png</href>
							</Icon>
							<gx:altitudeMode>clampToSeaFloor</gx:altitudeMode>
							<LatLonBox>
								<north>20.4620470788515</north>
								<south>20.45018167792763</south>
								<east>106.2020893907061</east>
								<west>106.1895039277437</west>
							</LatLonBox>
						</GroundOverlay>
					</Folder>
					<Folder>
						<name>kml_image_TP NAM DINH ND 2030_L5_0_7</name>
						<Region>
							<LatLonAltBox>
								<north>20.4620470788515</north>
								<south>20.45018167792763</south>
								<east>106.2146748536686</east>
								<west>106.2020893907061</west>
								<minAltitude>0</minAltitude>
								<maxAltitude>0</maxAltitude>
							</LatLonAltBox>
							<Lod>
								<minLodPixels>512</minLodPixels>
								<maxLodPixels>-1</maxLodPixels>
								<minFadeExtent>0</minFadeExtent>
								<maxFadeExtent>0</maxFadeExtent>
							</Lod>
						</Region>
						<GroundOverlay>
							<drawOrder>5</drawOrder>
							<Icon>
								<href>kml_image_TP NAM DINH ND 2030_L5_0_7.png</href>
							</Icon>
							<gx:altitudeMode>clampToSeaFloor</gx:altitudeMode>
							<LatLonBox>
								<north>20.4620470788515</north>
								<south>20.45018167792763</south>
								<east>106.2146748536686</east>
								<west>106.2020893907061</west>
							</LatLonBox>
						</GroundOverlay>
					</Folder>
					<Folder>
						<name>kml_image_TP NAM DINH ND 2030_L5_1_6</name>
						<Region>
							<LatLonAltBox>
								<north>20.45018167792763</north>
								<south>20.43831627700376</south>
								<east>106.2020893907061</east>
								<west>106.1895039277437</west>
								<minAltitude>0</minAltitude>
								<maxAltitude>0</maxAltitude>
							</LatLonAltBox>
							<Lod>
								<minLodPixels>512</minLodPixels>
								<maxLodPixels>-1</maxLodPixels>
								<minFadeExtent>0</minFadeExtent>
								<maxFadeExtent>0</maxFadeExtent>
							</Lod>
						</Region>
						<GroundOverlay>
							<drawOrder>5</drawOrder>
							<Icon>
								<href>kml_image_TP NAM DINH ND 2030_L5_1_6.png</href>
							</Icon>
							<gx:altitudeMode>clampToSeaFloor</gx:altitudeMode>
							<LatLonBox>
								<north>20.45018167792763</north>
								<south>20.43831627700376</south>
								<east>106.2020893907061</east>
								<west>106.1895039277437</west>
							</LatLonBox>
						</GroundOverlay>
					</Folder>
					<Folder>
						<name>kml_image_TP NAM DINH ND 2030_L5_1_7</name>
						<Region>
							<LatLonAltBox>
								<north>20.45018167792763</north>
								<south>20.43831627700376</south>
								<east>106.2146748536686</east>
								<west>106.2020893907061</west>
								<minAltitude>0</minAltitude>
								<maxAltitude>0</maxAltitude>
							</LatLonAltBox>
							<Lod>
								<minLodPixels>512</minLodPixels>
								<maxLodPixels>-1</maxLodPixels>
								<minFadeExtent>0</minFadeExtent>
								<maxFadeExtent>0</maxFadeExtent>
							</Lod>
						</Region>
						<GroundOverlay>
							<drawOrder>5</drawOrder>
							<Icon>
								<href>kml_image_TP NAM DINH ND 2030_L5_1_7.png</href>
							</Icon>
							<gx:altitudeMode>clampToSeaFloor</gx:altitudeMode>
							<LatLonBox>
								<north>20.45018167792763</north>
								<south>20.43831627700376</south>
								<east>106.2146748536686</east>
								<west>106.2020893907061</west>
							</LatLonBox>
						</GroundOverlay>
					</Folder>
				</Folder>
				<Folder>
					<name>kml_image_TP NAM DINH ND 2030_L4_1_2</name>
					<Region>
						<LatLonAltBox>
							<north>20.43831627700376</north>
							<south>20.41458547515602</south>
							<east>106.1895039277437</east>
							<west>106.1643330018188</west>
							<minAltitude>0</minAltitude>
							<maxAltitude>0</maxAltitude>
						</LatLonAltBox>
						<Lod>
							<minLodPixels>512</minLodPixels>
							<maxLodPixels>2049</maxLodPixels>
							<minFadeExtent>0</minFadeExtent>
							<maxFadeExtent>0</maxFadeExtent>
						</Lod>
					</Region>
					<GroundOverlay>
						<drawOrder>4</drawOrder>
						<Icon>
							<href>kml_image_TP NAM DINH ND 2030_L4_1_2.png</href>
						</Icon>
						<gx:altitudeMode>clampToSeaFloor</gx:altitudeMode>
						<LatLonBox>
							<north>20.43831627700376</north>
							<south>20.41458547515602</south>
							<east>106.1895039277437</east>
							<west>106.1643330018188</west>
						</LatLonBox>
					</GroundOverlay>
					<Folder>
						<name>kml_image_TP NAM DINH ND 2030_L5_2_4</name>
						<Region>
							<LatLonAltBox>
								<north>20.43831627700376</north>
								<south>20.42645087607989</south>
								<east>106.1769184647812</east>
								<west>106.1643330018188</west>
								<minAltitude>0</minAltitude>
								<maxAltitude>0</maxAltitude>
							</LatLonAltBox>
							<Lod>
								<minLodPixels>512</minLodPixels>
								<maxLodPixels>-1</maxLodPixels>
								<minFadeExtent>0</minFadeExtent>
								<maxFadeExtent>0</maxFadeExtent>
							</Lod>
						</Region>
						<GroundOverlay>
							<drawOrder>5</drawOrder>
							<Icon>
								<href>kml_image_TP NAM DINH ND 2030_L5_2_4.png</href>
							</Icon>
							<gx:altitudeMode>clampToSeaFloor</gx:altitudeMode>
							<LatLonBox>
								<north>20.43831627700376</north>
								<south>20.42645087607989</south>
								<east>106.1769184647812</east>
								<west>106.1643330018188</west>
							</LatLonBox>
						</GroundOverlay>
					</Folder>
					<Folder>
						<name>kml_image_TP NAM DINH ND 2030_L5_2_5</name>
						<Region>
							<LatLonAltBox>
								<north>20.43831627700376</north>
								<south>20.42645087607989</south>
								<east>106.1895039277437</east>
								<west>106.1769184647812</west>
								<minAltitude>0</minAltitude>
								<maxAltitude>0</maxAltitude>
							</LatLonAltBox>
							<Lod>
								<minLodPixels>512</minLodPixels>
								<maxLodPixels>-1</maxLodPixels>
								<minFadeExtent>0</minFadeExtent>
								<maxFadeExtent>0</maxFadeExtent>
							</Lod>
						</Region>
						<GroundOverlay>
							<drawOrder>5</drawOrder>
							<Icon>
								<href>kml_image_TP NAM DINH ND 2030_L5_2_5.png</href>
							</Icon>
							<gx:altitudeMode>clampToSeaFloor</gx:altitudeMode>
							<LatLonBox>
								<north>20.43831627700376</north>
								<south>20.42645087607989</south>
								<east>106.1895039277437</east>
								<west>106.1769184647812</west>
							</LatLonBox>
						</GroundOverlay>
					</Folder>
					<Folder>
						<name>kml_image_TP NAM DINH ND 2030_L5_3_4</name>
						<Region>
							<LatLonAltBox>
								<north>20.42645087607989</north>
								<south>20.41458547515602</south>
								<east>106.1769184647812</east>
								<west>106.1643330018188</west>
								<minAltitude>0</minAltitude>
								<maxAltitude>0</maxAltitude>
							</LatLonAltBox>
							<Lod>
								<minLodPixels>512</minLodPixels>
								<maxLodPixels>-1</maxLodPixels>
								<minFadeExtent>0</minFadeExtent>
								<maxFadeExtent>0</maxFadeExtent>
							</Lod>
						</Region>
						<GroundOverlay>
							<drawOrder>5</drawOrder>
							<Icon>
								<href>kml_image_TP NAM DINH ND 2030_L5_3_4.png</href>
							</Icon>
							<gx:altitudeMode>clampToSeaFloor</gx:altitudeMode>
							<LatLonBox>
								<north>20.42645087607989</north>
								<south>20.41458547515602</south>
								<east>106.1769184647812</east>
								<west>106.1643330018188</west>
							</LatLonBox>
						</GroundOverlay>
					</Folder>
					<Folder>
						<name>kml_image_TP NAM DINH ND 2030_L5_3_5</name>
						<Region>
							<LatLonAltBox>
								<north>20.42645087607989</north>
								<south>20.41458547515602</south>
								<east>106.1895039277437</east>
								<west>106.1769184647812</west>
								<minAltitude>0</minAltitude>
								<maxAltitude>0</maxAltitude>
							</LatLonAltBox>
							<Lod>
								<minLodPixels>512</minLodPixels>
								<maxLodPixels>-1</maxLodPixels>
								<minFadeExtent>0</minFadeExtent>
								<maxFadeExtent>0</maxFadeExtent>
							</Lod>
						</Region>
						<GroundOverlay>
							<drawOrder>5</drawOrder>
							<Icon>
								<href>kml_image_TP NAM DINH ND 2030_L5_3_5.png</href>
							</Icon>
							<gx:altitudeMode>clampToSeaFloor</gx:altitudeMode>
							<LatLonBox>
								<north>20.42645087607989</north>
								<south>20.41458547515602</south>
								<east>106.1895039277437</east>
								<west>106.1769184647812</west>
							</LatLonBox>
						</GroundOverlay>
					</Folder>
				</Folder>
				<Folder>
					<name>kml_image_TP NAM DINH ND 2030_L4_1_3</name>
					<Region>
						<LatLonAltBox>
							<north>20.43831627700376</north>
							<south>20.41458547515602</south>
							<east>106.2146748536686</east>
							<west>106.1895039277437</west>
							<minAltitude>0</minAltitude>
							<maxAltitude>0</maxAltitude>
						</LatLonAltBox>
						<Lod>
							<minLodPixels>512</minLodPixels>
							<maxLodPixels>2049</maxLodPixels>
							<minFadeExtent>0</minFadeExtent>
							<maxFadeExtent>0</maxFadeExtent>
						</Lod>
					</Region>
					<GroundOverlay>
						<drawOrder>4</drawOrder>
						<Icon>
							<href>kml_image_TP NAM DINH ND 2030_L4_1_3.png</href>
						</Icon>
						<gx:altitudeMode>clampToSeaFloor</gx:altitudeMode>
						<LatLonBox>
							<north>20.43831627700376</north>
							<south>20.41458547515602</south>
							<east>106.2146748536686</east>
							<west>106.1895039277437</west>
						</LatLonBox>
					</GroundOverlay>
					<Folder>
						<name>kml_image_TP NAM DINH ND 2030_L5_2_6</name>
						<Region>
							<LatLonAltBox>
								<north>20.43831627700376</north>
								<south>20.42645087607989</south>
								<east>106.2020893907061</east>
								<west>106.1895039277437</west>
								<minAltitude>0</minAltitude>
								<maxAltitude>0</maxAltitude>
							</LatLonAltBox>
							<Lod>
								<minLodPixels>512</minLodPixels>
								<maxLodPixels>-1</maxLodPixels>
								<minFadeExtent>0</minFadeExtent>
								<maxFadeExtent>0</maxFadeExtent>
							</Lod>
						</Region>
						<GroundOverlay>
							<drawOrder>5</drawOrder>
							<Icon>
								<href>kml_image_TP NAM DINH ND 2030_L5_2_6.png</href>
							</Icon>
							<gx:altitudeMode>clampToSeaFloor</gx:altitudeMode>
							<LatLonBox>
								<north>20.43831627700376</north>
								<south>20.42645087607989</south>
								<east>106.2020893907061</east>
								<west>106.1895039277437</west>
							</LatLonBox>
						</GroundOverlay>
					</Folder>
					<Folder>
						<name>kml_image_TP NAM DINH ND 2030_L5_2_7</name>
						<Region>
							<LatLonAltBox>
								<north>20.43831627700376</north>
								<south>20.42645087607989</south>
								<east>106.2146748536686</east>
								<west>106.2020893907061</west>
								<minAltitude>0</minAltitude>
								<maxAltitude>0</maxAltitude>
							</LatLonAltBox>
							<Lod>
								<minLodPixels>512</minLodPixels>
								<maxLodPixels>-1</maxLodPixels>
								<minFadeExtent>0</minFadeExtent>
								<maxFadeExtent>0</maxFadeExtent>
							</Lod>
						</Region>
						<GroundOverlay>
							<drawOrder>5</drawOrder>
							<Icon>
								<href>kml_image_TP NAM DINH ND 2030_L5_2_7.png</href>
							</Icon>
							<gx:altitudeMode>clampToSeaFloor</gx:altitudeMode>
							<LatLonBox>
								<north>20.43831627700376</north>
								<south>20.42645087607989</south>
								<east>106.2146748536686</east>
								<west>106.2020893907061</west>
							</LatLonBox>
						</GroundOverlay>
					</Folder>
					<Folder>
						<name>kml_image_TP NAM DINH ND 2030_L5_3_6</name>
						<Region>
							<LatLonAltBox>
								<north>20.42645087607989</north>
								<south>20.41458547515602</south>
								<east>106.2020893907061</east>
								<west>106.1895039277437</west>
								<minAltitude>0</minAltitude>
								<maxAltitude>0</maxAltitude>
							</LatLonAltBox>
							<Lod>
								<minLodPixels>512</minLodPixels>
								<maxLodPixels>-1</maxLodPixels>
								<minFadeExtent>0</minFadeExtent>
								<maxFadeExtent>0</maxFadeExtent>
							</Lod>
						</Region>
						<GroundOverlay>
							<drawOrder>5</drawOrder>
							<Icon>
								<href>kml_image_TP NAM DINH ND 2030_L5_3_6.png</href>
							</Icon>
							<gx:altitudeMode>clampToSeaFloor</gx:altitudeMode>
							<LatLonBox>
								<north>20.42645087607989</north>
								<south>20.41458547515602</south>
								<east>106.2020893907061</east>
								<west>106.1895039277437</west>
							</LatLonBox>
						</GroundOverlay>
					</Folder>
					<Folder>
						<name>kml_image_TP NAM DINH ND 2030_L5_3_7</name>
						<Region>
							<LatLonAltBox>
								<north>20.42645087607989</north>
								<south>20.41458547515602</south>
								<east>106.2146748536686</east>
								<west>106.2020893907061</west>
								<minAltitude>0</minAltitude>
								<maxAltitude>0</maxAltitude>
							</LatLonAltBox>
							<Lod>
								<minLodPixels>512</minLodPixels>
								<maxLodPixels>-1</maxLodPixels>
								<minFadeExtent>0</minFadeExtent>
								<maxFadeExtent>0</maxFadeExtent>
							</Lod>
						</Region>
						<GroundOverlay>
							<drawOrder>5</drawOrder>
							<Icon>
								<href>kml_image_TP NAM DINH ND 2030_L5_3_7.png</href>
							</Icon>
							<gx:altitudeMode>clampToSeaFloor</gx:altitudeMode>
							<LatLonBox>
								<north>20.42645087607989</north>
								<south>20.41458547515602</south>
								<east>106.2146748536686</east>
								<west>106.2020893907061</west>
							</LatLonBox>
						</GroundOverlay>
					</Folder>
				</Folder>
			</Folder>
			<Folder>
				<name>kml_image_TP NAM DINH ND 2030_L3_1_0</name>
				<Region>
					<LatLonAltBox>
						<north>20.41458547515602</north>
						<south>20.36987006288529</south>
						<east>106.1643330018188</east>
						<west>106.113991149969</west>
						<minAltitude>0</minAltitude>
						<maxAltitude>0</maxAltitude>
					</LatLonAltBox>
					<Lod>
						<minLodPixels>497</minLodPixels>
						<maxLodPixels>2049</maxLodPixels>
						<minFadeExtent>0</minFadeExtent>
						<maxFadeExtent>0</maxFadeExtent>
					</Lod>
				</Region>
				<GroundOverlay>
					<drawOrder>3</drawOrder>
					<Icon>
						<href>kml_image_TP NAM DINH ND 2030_L3_1_0.png</href>
					</Icon>
					<gx:altitudeMode>clampToSeaFloor</gx:altitudeMode>
					<LatLonBox>
						<north>20.41458547515602</north>
						<south>20.36987006288529</south>
						<east>106.1643330018188</east>
						<west>106.113991149969</west>
					</LatLonBox>
				</GroundOverlay>
				<Folder>
					<name>kml_image_TP NAM DINH ND 2030_L4_2_0</name>
					<Region>
						<LatLonAltBox>
							<north>20.41458547515602</north>
							<south>20.39085467330827</south>
							<east>106.1391620758939</east>
							<west>106.113991149969</west>
							<minAltitude>0</minAltitude>
							<maxAltitude>0</maxAltitude>
						</LatLonAltBox>
						<Lod>
							<minLodPixels>512</minLodPixels>
							<maxLodPixels>2049</maxLodPixels>
							<minFadeExtent>0</minFadeExtent>
							<maxFadeExtent>0</maxFadeExtent>
						</Lod>
					</Region>
					<GroundOverlay>
						<drawOrder>4</drawOrder>
						<Icon>
							<href>kml_image_TP NAM DINH ND 2030_L4_2_0.png</href>
						</Icon>
						<gx:altitudeMode>clampToSeaFloor</gx:altitudeMode>
						<LatLonBox>
							<north>20.41458547515602</north>
							<south>20.39085467330827</south>
							<east>106.1391620758939</east>
							<west>106.113991149969</west>
						</LatLonBox>
					</GroundOverlay>
					<Folder>
						<name>kml_image_TP NAM DINH ND 2030_L5_4_0</name>
						<Region>
							<LatLonAltBox>
								<north>20.41458547515602</north>
								<south>20.40272007423214</south>
								<east>106.1265766129314</east>
								<west>106.113991149969</west>
								<minAltitude>0</minAltitude>
								<maxAltitude>0</maxAltitude>
							</LatLonAltBox>
							<Lod>
								<minLodPixels>512</minLodPixels>
								<maxLodPixels>-1</maxLodPixels>
								<minFadeExtent>0</minFadeExtent>
								<maxFadeExtent>0</maxFadeExtent>
							</Lod>
						</Region>
						<GroundOverlay>
							<drawOrder>5</drawOrder>
							<Icon>
								<href>kml_image_TP NAM DINH ND 2030_L5_4_0.png</href>
							</Icon>
							<gx:altitudeMode>clampToSeaFloor</gx:altitudeMode>
							<LatLonBox>
								<north>20.41458547515602</north>
								<south>20.40272007423214</south>
								<east>106.1265766129314</east>
								<west>106.113991149969</west>
							</LatLonBox>
						</GroundOverlay>
					</Folder>
					<Folder>
						<name>kml_image_TP NAM DINH ND 2030_L5_4_1</name>
						<Region>
							<LatLonAltBox>
								<north>20.41458547515602</north>
								<south>20.40272007423214</south>
								<east>106.1391620758939</east>
								<west>106.1265766129314</west>
								<minAltitude>0</minAltitude>
								<maxAltitude>0</maxAltitude>
							</LatLonAltBox>
							<Lod>
								<minLodPixels>512</minLodPixels>
								<maxLodPixels>-1</maxLodPixels>
								<minFadeExtent>0</minFadeExtent>
								<maxFadeExtent>0</maxFadeExtent>
							</Lod>
						</Region>
						<GroundOverlay>
							<drawOrder>5</drawOrder>
							<Icon>
								<href>kml_image_TP NAM DINH ND 2030_L5_4_1.png</href>
							</Icon>
							<gx:altitudeMode>clampToSeaFloor</gx:altitudeMode>
							<LatLonBox>
								<north>20.41458547515602</north>
								<south>20.40272007423214</south>
								<east>106.1391620758939</east>
								<west>106.1265766129314</west>
							</LatLonBox>
						</GroundOverlay>
					</Folder>
					<Folder>
						<name>kml_image_TP NAM DINH ND 2030_L5_5_0</name>
						<Region>
							<LatLonAltBox>
								<north>20.40272007423214</north>
								<south>20.39085467330827</south>
								<east>106.1265766129314</east>
								<west>106.113991149969</west>
								<minAltitude>0</minAltitude>
								<maxAltitude>0</maxAltitude>
							</LatLonAltBox>
							<Lod>
								<minLodPixels>512</minLodPixels>
								<maxLodPixels>-1</maxLodPixels>
								<minFadeExtent>0</minFadeExtent>
								<maxFadeExtent>0</maxFadeExtent>
							</Lod>
						</Region>
						<GroundOverlay>
							<drawOrder>5</drawOrder>
							<Icon>
								<href>kml_image_TP NAM DINH ND 2030_L5_5_0.png</href>
							</Icon>
							<gx:altitudeMode>clampToSeaFloor</gx:altitudeMode>
							<LatLonBox>
								<north>20.40272007423214</north>
								<south>20.39085467330827</south>
								<east>106.1265766129314</east>
								<west>106.113991149969</west>
							</LatLonBox>
						</GroundOverlay>
					</Folder>
					<Folder>
						<name>kml_image_TP NAM DINH ND 2030_L5_5_1</name>
						<Region>
							<LatLonAltBox>
								<north>20.40272007423214</north>
								<south>20.39085467330827</south>
								<east>106.1391620758939</east>
								<west>106.1265766129314</west>
								<minAltitude>0</minAltitude>
								<maxAltitude>0</maxAltitude>
							</LatLonAltBox>
							<Lod>
								<minLodPixels>512</minLodPixels>
								<maxLodPixels>-1</maxLodPixels>
								<minFadeExtent>0</minFadeExtent>
								<maxFadeExtent>0</maxFadeExtent>
							</Lod>
						</Region>
						<GroundOverlay>
							<drawOrder>5</drawOrder>
							<Icon>
								<href>kml_image_TP NAM DINH ND 2030_L5_5_1.png</href>
							</Icon>
							<gx:altitudeMode>clampToSeaFloor</gx:altitudeMode>
							<LatLonBox>
								<north>20.40272007423214</north>
								<south>20.39085467330827</south>
								<east>106.1391620758939</east>
								<west>106.1265766129314</west>
							</LatLonBox>
						</GroundOverlay>
					</Folder>
				</Folder>
				<Folder>
					<name>kml_image_TP NAM DINH ND 2030_L4_2_1</name>
					<Region>
						<LatLonAltBox>
							<north>20.41458547515602</north>
							<south>20.39085467330827</south>
							<east>106.1643330018188</east>
							<west>106.1391620758939</west>
							<minAltitude>0</minAltitude>
							<maxAltitude>0</maxAltitude>
						</LatLonAltBox>
						<Lod>
							<minLodPixels>512</minLodPixels>
							<maxLodPixels>2049</maxLodPixels>
							<minFadeExtent>0</minFadeExtent>
							<maxFadeExtent>0</maxFadeExtent>
						</Lod>
					</Region>
					<GroundOverlay>
						<drawOrder>4</drawOrder>
						<Icon>
							<href>kml_image_TP NAM DINH ND 2030_L4_2_1.png</href>
						</Icon>
						<gx:altitudeMode>clampToSeaFloor</gx:altitudeMode>
						<LatLonBox>
							<north>20.41458547515602</north>
							<south>20.39085467330827</south>
							<east>106.1643330018188</east>
							<west>106.1391620758939</west>
						</LatLonBox>
					</GroundOverlay>
					<Folder>
						<name>kml_image_TP NAM DINH ND 2030_L5_4_2</name>
						<Region>
							<LatLonAltBox>
								<north>20.41458547515602</north>
								<south>20.40272007423214</south>
								<east>106.1517475388563</east>
								<west>106.1391620758939</west>
								<minAltitude>0</minAltitude>
								<maxAltitude>0</maxAltitude>
							</LatLonAltBox>
							<Lod>
								<minLodPixels>512</minLodPixels>
								<maxLodPixels>-1</maxLodPixels>
								<minFadeExtent>0</minFadeExtent>
								<maxFadeExtent>0</maxFadeExtent>
							</Lod>
						</Region>
						<GroundOverlay>
							<drawOrder>5</drawOrder>
							<Icon>
								<href>kml_image_TP NAM DINH ND 2030_L5_4_2.png</href>
							</Icon>
							<gx:altitudeMode>clampToSeaFloor</gx:altitudeMode>
							<LatLonBox>
								<north>20.41458547515602</north>
								<south>20.40272007423214</south>
								<east>106.1517475388563</east>
								<west>106.1391620758939</west>
							</LatLonBox>
						</GroundOverlay>
					</Folder>
					<Folder>
						<name>kml_image_TP NAM DINH ND 2030_L5_4_3</name>
						<Region>
							<LatLonAltBox>
								<north>20.41458547515602</north>
								<south>20.40272007423214</south>
								<east>106.1643330018188</east>
								<west>106.1517475388563</west>
								<minAltitude>0</minAltitude>
								<maxAltitude>0</maxAltitude>
							</LatLonAltBox>
							<Lod>
								<minLodPixels>512</minLodPixels>
								<maxLodPixels>-1</maxLodPixels>
								<minFadeExtent>0</minFadeExtent>
								<maxFadeExtent>0</maxFadeExtent>
							</Lod>
						</Region>
						<GroundOverlay>
							<drawOrder>5</drawOrder>
							<Icon>
								<href>kml_image_TP NAM DINH ND 2030_L5_4_3.png</href>
							</Icon>
							<gx:altitudeMode>clampToSeaFloor</gx:altitudeMode>
							<LatLonBox>
								<north>20.41458547515602</north>
								<south>20.40272007423214</south>
								<east>106.1643330018188</east>
								<west>106.1517475388563</west>
							</LatLonBox>
						</GroundOverlay>
					</Folder>
					<Folder>
						<name>kml_image_TP NAM DINH ND 2030_L5_5_2</name>
						<Region>
							<LatLonAltBox>
								<north>20.40272007423214</north>
								<south>20.39085467330827</south>
								<east>106.1517475388563</east>
								<west>106.1391620758939</west>
								<minAltitude>0</minAltitude>
								<maxAltitude>0</maxAltitude>
							</LatLonAltBox>
							<Lod>
								<minLodPixels>512</minLodPixels>
								<maxLodPixels>-1</maxLodPixels>
								<minFadeExtent>0</minFadeExtent>
								<maxFadeExtent>0</maxFadeExtent>
							</Lod>
						</Region>
						<GroundOverlay>
							<drawOrder>5</drawOrder>
							<Icon>
								<href>kml_image_TP NAM DINH ND 2030_L5_5_2.png</href>
							</Icon>
							<gx:altitudeMode>clampToSeaFloor</gx:altitudeMode>
							<LatLonBox>
								<north>20.40272007423214</north>
								<south>20.39085467330827</south>
								<east>106.1517475388563</east>
								<west>106.1391620758939</west>
							</LatLonBox>
						</GroundOverlay>
					</Folder>
					<Folder>
						<name>kml_image_TP NAM DINH ND 2030_L5_5_3</name>
						<Region>
							<LatLonAltBox>
								<north>20.40272007423214</north>
								<south>20.39085467330827</south>
								<east>106.1643330018188</east>
								<west>106.1517475388563</west>
								<minAltitude>0</minAltitude>
								<maxAltitude>0</maxAltitude>
							</LatLonAltBox>
							<Lod>
								<minLodPixels>512</minLodPixels>
								<maxLodPixels>-1</maxLodPixels>
								<minFadeExtent>0</minFadeExtent>
								<maxFadeExtent>0</maxFadeExtent>
							</Lod>
						</Region>
						<GroundOverlay>
							<drawOrder>5</drawOrder>
							<Icon>
								<href>kml_image_TP NAM DINH ND 2030_L5_5_3.png</href>
							</Icon>
							<gx:altitudeMode>clampToSeaFloor</gx:altitudeMode>
							<LatLonBox>
								<north>20.40272007423214</north>
								<south>20.39085467330827</south>
								<east>106.1643330018188</east>
								<west>106.1517475388563</west>
							</LatLonBox>
						</GroundOverlay>
					</Folder>
				</Folder>
				<Folder>
					<name>kml_image_TP NAM DINH ND 2030_L4_3_0</name>
					<Region>
						<LatLonAltBox>
							<north>20.39085467330827</north>
							<south>20.36987006288529</south>
							<east>106.1391620758939</east>
							<west>106.113991149969</west>
							<minAltitude>0</minAltitude>
							<maxAltitude>0</maxAltitude>
						</LatLonAltBox>
						<Lod>
							<minLodPixels>481</minLodPixels>
							<maxLodPixels>2049</maxLodPixels>
							<minFadeExtent>0</minFadeExtent>
							<maxFadeExtent>0</maxFadeExtent>
						</Lod>
					</Region>
					<GroundOverlay>
						<drawOrder>4</drawOrder>
						<Icon>
							<href>kml_image_TP NAM DINH ND 2030_L4_3_0.png</href>
						</Icon>
						<gx:altitudeMode>clampToSeaFloor</gx:altitudeMode>
						<LatLonBox>
							<north>20.39085467330827</north>
							<south>20.36987006288529</south>
							<east>106.1391620758939</east>
							<west>106.113991149969</west>
						</LatLonBox>
					</GroundOverlay>
					<Folder>
						<name>kml_image_TP NAM DINH ND 2030_L5_6_0</name>
						<Region>
							<LatLonAltBox>
								<north>20.39085467330827</north>
								<south>20.3789892723844</south>
								<east>106.1265766129314</east>
								<west>106.113991149969</west>
								<minAltitude>0</minAltitude>
								<maxAltitude>0</maxAltitude>
							</LatLonAltBox>
							<Lod>
								<minLodPixels>512</minLodPixels>
								<maxLodPixels>-1</maxLodPixels>
								<minFadeExtent>0</minFadeExtent>
								<maxFadeExtent>0</maxFadeExtent>
							</Lod>
						</Region>
						<GroundOverlay>
							<drawOrder>5</drawOrder>
							<Icon>
								<href>kml_image_TP NAM DINH ND 2030_L5_6_0.png</href>
							</Icon>
							<gx:altitudeMode>clampToSeaFloor</gx:altitudeMode>
							<LatLonBox>
								<north>20.39085467330827</north>
								<south>20.3789892723844</south>
								<east>106.1265766129314</east>
								<west>106.113991149969</west>
							</LatLonBox>
						</GroundOverlay>
					</Folder>
					<Folder>
						<name>kml_image_TP NAM DINH ND 2030_L5_6_1</name>
						<Region>
							<LatLonAltBox>
								<north>20.39085467330827</north>
								<south>20.3789892723844</south>
								<east>106.1391620758939</east>
								<west>106.1265766129314</west>
								<minAltitude>0</minAltitude>
								<maxAltitude>0</maxAltitude>
							</LatLonAltBox>
							<Lod>
								<minLodPixels>512</minLodPixels>
								<maxLodPixels>-1</maxLodPixels>
								<minFadeExtent>0</minFadeExtent>
								<maxFadeExtent>0</maxFadeExtent>
							</Lod>
						</Region>
						<GroundOverlay>
							<drawOrder>5</drawOrder>
							<Icon>
								<href>kml_image_TP NAM DINH ND 2030_L5_6_1.png</href>
							</Icon>
							<gx:altitudeMode>clampToSeaFloor</gx:altitudeMode>
							<LatLonBox>
								<north>20.39085467330827</north>
								<south>20.3789892723844</south>
								<east>106.1391620758939</east>
								<west>106.1265766129314</west>
							</LatLonBox>
						</GroundOverlay>
					</Folder>
				</Folder>
				<Folder>
					<name>kml_image_TP NAM DINH ND 2030_L4_3_1</name>
					<Region>
						<LatLonAltBox>
							<north>20.39085467330827</north>
							<south>20.36987006288529</south>
							<east>106.1643330018188</east>
							<west>106.1391620758939</west>
							<minAltitude>0</minAltitude>
							<maxAltitude>0</maxAltitude>
						</LatLonAltBox>
						<Lod>
							<minLodPixels>481</minLodPixels>
							<maxLodPixels>2049</maxLodPixels>
							<minFadeExtent>0</minFadeExtent>
							<maxFadeExtent>0</maxFadeExtent>
						</Lod>
					</Region>
					<GroundOverlay>
						<drawOrder>4</drawOrder>
						<Icon>
							<href>kml_image_TP NAM DINH ND 2030_L4_3_1.png</href>
						</Icon>
						<gx:altitudeMode>clampToSeaFloor</gx:altitudeMode>
						<LatLonBox>
							<north>20.39085467330827</north>
							<south>20.36987006288529</south>
							<east>106.1643330018188</east>
							<west>106.1391620758939</west>
						</LatLonBox>
					</GroundOverlay>
					<Folder>
						<name>kml_image_TP NAM DINH ND 2030_L5_6_2</name>
						<Region>
							<LatLonAltBox>
								<north>20.39085467330827</north>
								<south>20.3789892723844</south>
								<east>106.1517475388563</east>
								<west>106.1391620758939</west>
								<minAltitude>0</minAltitude>
								<maxAltitude>0</maxAltitude>
							</LatLonAltBox>
							<Lod>
								<minLodPixels>512</minLodPixels>
								<maxLodPixels>-1</maxLodPixels>
								<minFadeExtent>0</minFadeExtent>
								<maxFadeExtent>0</maxFadeExtent>
							</Lod>
						</Region>
						<GroundOverlay>
							<drawOrder>5</drawOrder>
							<Icon>
								<href>kml_image_TP NAM DINH ND 2030_L5_6_2.png</href>
							</Icon>
							<gx:altitudeMode>clampToSeaFloor</gx:altitudeMode>
							<LatLonBox>
								<north>20.39085467330827</north>
								<south>20.3789892723844</south>
								<east>106.1517475388563</east>
								<west>106.1391620758939</west>
							</LatLonBox>
						</GroundOverlay>
					</Folder>
					<Folder>
						<name>kml_image_TP NAM DINH ND 2030_L5_6_3</name>
						<Region>
							<LatLonAltBox>
								<north>20.39085467330827</north>
								<south>20.3789892723844</south>
								<east>106.1643330018188</east>
								<west>106.1517475388563</west>
								<minAltitude>0</minAltitude>
								<maxAltitude>0</maxAltitude>
							</LatLonAltBox>
							<Lod>
								<minLodPixels>512</minLodPixels>
								<maxLodPixels>-1</maxLodPixels>
								<minFadeExtent>0</minFadeExtent>
								<maxFadeExtent>0</maxFadeExtent>
							</Lod>
						</Region>
						<GroundOverlay>
							<drawOrder>5</drawOrder>
							<Icon>
								<href>kml_image_TP NAM DINH ND 2030_L5_6_3.png</href>
							</Icon>
							<gx:altitudeMode>clampToSeaFloor</gx:altitudeMode>
							<LatLonBox>
								<north>20.39085467330827</north>
								<south>20.3789892723844</south>
								<east>106.1643330018188</east>
								<west>106.1517475388563</west>
							</LatLonBox>
						</GroundOverlay>
					</Folder>
					<Folder>
						<name>kml_image_TP NAM DINH ND 2030_L5_7_2</name>
						<Region>
							<LatLonAltBox>
								<north>20.3789892723844</north>
								<south>20.36987006288529</south>
								<east>106.1517475388563</east>
								<west>106.1391620758939</west>
								<minAltitude>0</minAltitude>
								<maxAltitude>0</maxAltitude>
							</LatLonAltBox>
							<Lod>
								<minLodPixels>449</minLodPixels>
								<maxLodPixels>-1</maxLodPixels>
								<minFadeExtent>0</minFadeExtent>
								<maxFadeExtent>0</maxFadeExtent>
							</Lod>
						</Region>
						<GroundOverlay>
							<drawOrder>5</drawOrder>
							<Icon>
								<href>kml_image_TP NAM DINH ND 2030_L5_7_2.png</href>
							</Icon>
							<gx:altitudeMode>clampToSeaFloor</gx:altitudeMode>
							<LatLonBox>
								<north>20.3789892723844</north>
								<south>20.36987006288529</south>
								<east>106.1517475388563</east>
								<west>106.1391620758939</west>
							</LatLonBox>
						</GroundOverlay>
					</Folder>
					<Folder>
						<name>kml_image_TP NAM DINH ND 2030_L5_7_3</name>
						<Region>
							<LatLonAltBox>
								<north>20.3789892723844</north>
								<south>20.36987006288529</south>
								<east>106.1643330018188</east>
								<west>106.1517475388563</west>
								<minAltitude>0</minAltitude>
								<maxAltitude>0</maxAltitude>
							</LatLonAltBox>
							<Lod>
								<minLodPixels>449</minLodPixels>
								<maxLodPixels>-1</maxLodPixels>
								<minFadeExtent>0</minFadeExtent>
								<maxFadeExtent>0</maxFadeExtent>
							</Lod>
						</Region>
						<GroundOverlay>
							<drawOrder>5</drawOrder>
							<Icon>
								<href>kml_image_TP NAM DINH ND 2030_L5_7_3.png</href>
							</Icon>
							<gx:altitudeMode>clampToSeaFloor</gx:altitudeMode>
							<LatLonBox>
								<north>20.3789892723844</north>
								<south>20.36987006288529</south>
								<east>106.1643330018188</east>
								<west>106.1517475388563</west>
							</LatLonBox>
						</GroundOverlay>
					</Folder>
				</Folder>
			</Folder>
			<Folder>
				<name>kml_image_TP NAM DINH ND 2030_L3_1_1</name>
				<Region>
					<LatLonAltBox>
						<north>20.41458547515602</north>
						<south>20.36987006288529</south>
						<east>106.2146748536686</east>
						<west>106.1643330018188</west>
						<minAltitude>0</minAltitude>
						<maxAltitude>0</maxAltitude>
					</LatLonAltBox>
					<Lod>
						<minLodPixels>497</minLodPixels>
						<maxLodPixels>2049</maxLodPixels>
						<minFadeExtent>0</minFadeExtent>
						<maxFadeExtent>0</maxFadeExtent>
					</Lod>
				</Region>
				<GroundOverlay>
					<drawOrder>3</drawOrder>
					<Icon>
						<href>kml_image_TP NAM DINH ND 2030_L3_1_1.png</href>
					</Icon>
					<gx:altitudeMode>clampToSeaFloor</gx:altitudeMode>
					<LatLonBox>
						<north>20.41458547515602</north>
						<south>20.36987006288529</south>
						<east>106.2146748536686</east>
						<west>106.1643330018188</west>
					</LatLonBox>
				</GroundOverlay>
				<Folder>
					<name>kml_image_TP NAM DINH ND 2030_L4_2_2</name>
					<Region>
						<LatLonAltBox>
							<north>20.41458547515602</north>
							<south>20.39085467330827</south>
							<east>106.1895039277437</east>
							<west>106.1643330018188</west>
							<minAltitude>0</minAltitude>
							<maxAltitude>0</maxAltitude>
						</LatLonAltBox>
						<Lod>
							<minLodPixels>512</minLodPixels>
							<maxLodPixels>2049</maxLodPixels>
							<minFadeExtent>0</minFadeExtent>
							<maxFadeExtent>0</maxFadeExtent>
						</Lod>
					</Region>
					<GroundOverlay>
						<drawOrder>4</drawOrder>
						<Icon>
							<href>kml_image_TP NAM DINH ND 2030_L4_2_2.png</href>
						</Icon>
						<gx:altitudeMode>clampToSeaFloor</gx:altitudeMode>
						<LatLonBox>
							<north>20.41458547515602</north>
							<south>20.39085467330827</south>
							<east>106.1895039277437</east>
							<west>106.1643330018188</west>
						</LatLonBox>
					</GroundOverlay>
					<Folder>
						<name>kml_image_TP NAM DINH ND 2030_L5_4_4</name>
						<Region>
							<LatLonAltBox>
								<north>20.41458547515602</north>
								<south>20.40272007423214</south>
								<east>106.1769184647812</east>
								<west>106.1643330018188</west>
								<minAltitude>0</minAltitude>
								<maxAltitude>0</maxAltitude>
							</LatLonAltBox>
							<Lod>
								<minLodPixels>512</minLodPixels>
								<maxLodPixels>-1</maxLodPixels>
								<minFadeExtent>0</minFadeExtent>
								<maxFadeExtent>0</maxFadeExtent>
							</Lod>
						</Region>
						<GroundOverlay>
							<drawOrder>5</drawOrder>
							<Icon>
								<href>kml_image_TP NAM DINH ND 2030_L5_4_4.png</href>
							</Icon>
							<gx:altitudeMode>clampToSeaFloor</gx:altitudeMode>
							<LatLonBox>
								<north>20.41458547515602</north>
								<south>20.40272007423214</south>
								<east>106.1769184647812</east>
								<west>106.1643330018188</west>
							</LatLonBox>
						</GroundOverlay>
					</Folder>
					<Folder>
						<name>kml_image_TP NAM DINH ND 2030_L5_4_5</name>
						<Region>
							<LatLonAltBox>
								<north>20.41458547515602</north>
								<south>20.40272007423214</south>
								<east>106.1895039277437</east>
								<west>106.1769184647812</west>
								<minAltitude>0</minAltitude>
								<maxAltitude>0</maxAltitude>
							</LatLonAltBox>
							<Lod>
								<minLodPixels>512</minLodPixels>
								<maxLodPixels>-1</maxLodPixels>
								<minFadeExtent>0</minFadeExtent>
								<maxFadeExtent>0</maxFadeExtent>
							</Lod>
						</Region>
						<GroundOverlay>
							<drawOrder>5</drawOrder>
							<Icon>
								<href>kml_image_TP NAM DINH ND 2030_L5_4_5.png</href>
							</Icon>
							<gx:altitudeMode>clampToSeaFloor</gx:altitudeMode>
							<LatLonBox>
								<north>20.41458547515602</north>
								<south>20.40272007423214</south>
								<east>106.1895039277437</east>
								<west>106.1769184647812</west>
							</LatLonBox>
						</GroundOverlay>
					</Folder>
					<Folder>
						<name>kml_image_TP NAM DINH ND 2030_L5_5_4</name>
						<Region>
							<LatLonAltBox>
								<north>20.40272007423214</north>
								<south>20.39085467330827</south>
								<east>106.1769184647812</east>
								<west>106.1643330018188</west>
								<minAltitude>0</minAltitude>
								<maxAltitude>0</maxAltitude>
							</LatLonAltBox>
							<Lod>
								<minLodPixels>512</minLodPixels>
								<maxLodPixels>-1</maxLodPixels>
								<minFadeExtent>0</minFadeExtent>
								<maxFadeExtent>0</maxFadeExtent>
							</Lod>
						</Region>
						<GroundOverlay>
							<drawOrder>5</drawOrder>
							<Icon>
								<href>kml_image_TP NAM DINH ND 2030_L5_5_4.png</href>
							</Icon>
							<gx:altitudeMode>clampToSeaFloor</gx:altitudeMode>
							<LatLonBox>
								<north>20.40272007423214</north>
								<south>20.39085467330827</south>
								<east>106.1769184647812</east>
								<west>106.1643330018188</west>
							</LatLonBox>
						</GroundOverlay>
					</Folder>
					<Folder>
						<name>kml_image_TP NAM DINH ND 2030_L5_5_5</name>
						<Region>
							<LatLonAltBox>
								<north>20.40272007423214</north>
								<south>20.39085467330827</south>
								<east>106.1895039277437</east>
								<west>106.1769184647812</west>
								<minAltitude>0</minAltitude>
								<maxAltitude>0</maxAltitude>
							</LatLonAltBox>
							<Lod>
								<minLodPixels>512</minLodPixels>
								<maxLodPixels>-1</maxLodPixels>
								<minFadeExtent>0</minFadeExtent>
								<maxFadeExtent>0</maxFadeExtent>
							</Lod>
						</Region>
						<GroundOverlay>
							<drawOrder>5</drawOrder>
							<Icon>
								<href>kml_image_TP NAM DINH ND 2030_L5_5_5.png</href>
							</Icon>
							<gx:altitudeMode>clampToSeaFloor</gx:altitudeMode>
							<LatLonBox>
								<north>20.40272007423214</north>
								<south>20.39085467330827</south>
								<east>106.1895039277437</east>
								<west>106.1769184647812</west>
							</LatLonBox>
						</GroundOverlay>
					</Folder>
				</Folder>
				<Folder>
					<name>kml_image_TP NAM DINH ND 2030_L4_2_3</name>
					<Region>
						<LatLonAltBox>
							<north>20.41458547515602</north>
							<south>20.39085467330827</south>
							<east>106.2146748536686</east>
							<west>106.1895039277437</west>
							<minAltitude>0</minAltitude>
							<maxAltitude>0</maxAltitude>
						</LatLonAltBox>
						<Lod>
							<minLodPixels>512</minLodPixels>
							<maxLodPixels>2049</maxLodPixels>
							<minFadeExtent>0</minFadeExtent>
							<maxFadeExtent>0</maxFadeExtent>
						</Lod>
					</Region>
					<GroundOverlay>
						<drawOrder>4</drawOrder>
						<Icon>
							<href>kml_image_TP NAM DINH ND 2030_L4_2_3.png</href>
						</Icon>
						<gx:altitudeMode>clampToSeaFloor</gx:altitudeMode>
						<LatLonBox>
							<north>20.41458547515602</north>
							<south>20.39085467330827</south>
							<east>106.2146748536686</east>
							<west>106.1895039277437</west>
						</LatLonBox>
					</GroundOverlay>
					<Folder>
						<name>kml_image_TP NAM DINH ND 2030_L5_4_6</name>
						<Region>
							<LatLonAltBox>
								<north>20.41458547515602</north>
								<south>20.40272007423214</south>
								<east>106.2020893907061</east>
								<west>106.1895039277437</west>
								<minAltitude>0</minAltitude>
								<maxAltitude>0</maxAltitude>
							</LatLonAltBox>
							<Lod>
								<minLodPixels>512</minLodPixels>
								<maxLodPixels>-1</maxLodPixels>
								<minFadeExtent>0</minFadeExtent>
								<maxFadeExtent>0</maxFadeExtent>
							</Lod>
						</Region>
						<GroundOverlay>
							<drawOrder>5</drawOrder>
							<Icon>
								<href>kml_image_TP NAM DINH ND 2030_L5_4_6.png</href>
							</Icon>
							<gx:altitudeMode>clampToSeaFloor</gx:altitudeMode>
							<LatLonBox>
								<north>20.41458547515602</north>
								<south>20.40272007423214</south>
								<east>106.2020893907061</east>
								<west>106.1895039277437</west>
							</LatLonBox>
						</GroundOverlay>
					</Folder>
					<Folder>
						<name>kml_image_TP NAM DINH ND 2030_L5_4_7</name>
						<Region>
							<LatLonAltBox>
								<north>20.41458547515602</north>
								<south>20.40272007423214</south>
								<east>106.2146748536686</east>
								<west>106.2020893907061</west>
								<minAltitude>0</minAltitude>
								<maxAltitude>0</maxAltitude>
							</LatLonAltBox>
							<Lod>
								<minLodPixels>512</minLodPixels>
								<maxLodPixels>-1</maxLodPixels>
								<minFadeExtent>0</minFadeExtent>
								<maxFadeExtent>0</maxFadeExtent>
							</Lod>
						</Region>
						<GroundOverlay>
							<drawOrder>5</drawOrder>
							<Icon>
								<href>kml_image_TP NAM DINH ND 2030_L5_4_7.png</href>
							</Icon>
							<gx:altitudeMode>clampToSeaFloor</gx:altitudeMode>
							<LatLonBox>
								<north>20.41458547515602</north>
								<south>20.40272007423214</south>
								<east>106.2146748536686</east>
								<west>106.2020893907061</west>
							</LatLonBox>
						</GroundOverlay>
					</Folder>
					<Folder>
						<name>kml_image_TP NAM DINH ND 2030_L5_5_6</name>
						<Region>
							<LatLonAltBox>
								<north>20.40272007423214</north>
								<south>20.39085467330827</south>
								<east>106.2020893907061</east>
								<west>106.1895039277437</west>
								<minAltitude>0</minAltitude>
								<maxAltitude>0</maxAltitude>
							</LatLonAltBox>
							<Lod>
								<minLodPixels>512</minLodPixels>
								<maxLodPixels>-1</maxLodPixels>
								<minFadeExtent>0</minFadeExtent>
								<maxFadeExtent>0</maxFadeExtent>
							</Lod>
						</Region>
						<GroundOverlay>
							<drawOrder>5</drawOrder>
							<Icon>
								<href>kml_image_TP NAM DINH ND 2030_L5_5_6.png</href>
							</Icon>
							<gx:altitudeMode>clampToSeaFloor</gx:altitudeMode>
							<LatLonBox>
								<north>20.40272007423214</north>
								<south>20.39085467330827</south>
								<east>106.2020893907061</east>
								<west>106.1895039277437</west>
							</LatLonBox>
						</GroundOverlay>
					</Folder>
					<Folder>
						<name>kml_image_TP NAM DINH ND 2030_L5_5_7</name>
						<Region>
							<LatLonAltBox>
								<north>20.40272007423214</north>
								<south>20.39085467330827</south>
								<east>106.2146748536686</east>
								<west>106.2020893907061</west>
								<minAltitude>0</minAltitude>
								<maxAltitude>0</maxAltitude>
							</LatLonAltBox>
							<Lod>
								<minLodPixels>512</minLodPixels>
								<maxLodPixels>-1</maxLodPixels>
								<minFadeExtent>0</minFadeExtent>
								<maxFadeExtent>0</maxFadeExtent>
							</Lod>
						</Region>
						<GroundOverlay>
							<drawOrder>5</drawOrder>
							<Icon>
								<href>kml_image_TP NAM DINH ND 2030_L5_5_7.png</href>
							</Icon>
							<gx:altitudeMode>clampToSeaFloor</gx:altitudeMode>
							<LatLonBox>
								<north>20.40272007423214</north>
								<south>20.39085467330827</south>
								<east>106.2146748536686</east>
								<west>106.2020893907061</west>
							</LatLonBox>
						</GroundOverlay>
					</Folder>
				</Folder>
				<Folder>
					<name>kml_image_TP NAM DINH ND 2030_L4_3_2</name>
					<Region>
						<LatLonAltBox>
							<north>20.39085467330827</north>
							<south>20.36987006288529</south>
							<east>106.1895039277437</east>
							<west>106.1643330018188</west>
							<minAltitude>0</minAltitude>
							<maxAltitude>0</maxAltitude>
						</LatLonAltBox>
						<Lod>
							<minLodPixels>481</minLodPixels>
							<maxLodPixels>2049</maxLodPixels>
							<minFadeExtent>0</minFadeExtent>
							<maxFadeExtent>0</maxFadeExtent>
						</Lod>
					</Region>
					<GroundOverlay>
						<drawOrder>4</drawOrder>
						<Icon>
							<href>kml_image_TP NAM DINH ND 2030_L4_3_2.png</href>
						</Icon>
						<gx:altitudeMode>clampToSeaFloor</gx:altitudeMode>
						<LatLonBox>
							<north>20.39085467330827</north>
							<south>20.36987006288529</south>
							<east>106.1895039277437</east>
							<west>106.1643330018188</west>
						</LatLonBox>
					</GroundOverlay>
					<Folder>
						<name>kml_image_TP NAM DINH ND 2030_L5_6_4</name>
						<Region>
							<LatLonAltBox>
								<north>20.39085467330827</north>
								<south>20.3789892723844</south>
								<east>106.1769184647812</east>
								<west>106.1643330018188</west>
								<minAltitude>0</minAltitude>
								<maxAltitude>0</maxAltitude>
							</LatLonAltBox>
							<Lod>
								<minLodPixels>512</minLodPixels>
								<maxLodPixels>-1</maxLodPixels>
								<minFadeExtent>0</minFadeExtent>
								<maxFadeExtent>0</maxFadeExtent>
							</Lod>
						</Region>
						<GroundOverlay>
							<drawOrder>5</drawOrder>
							<Icon>
								<href>kml_image_TP NAM DINH ND 2030_L5_6_4.png</href>
							</Icon>
							<gx:altitudeMode>clampToSeaFloor</gx:altitudeMode>
							<LatLonBox>
								<north>20.39085467330827</north>
								<south>20.3789892723844</south>
								<east>106.1769184647812</east>
								<west>106.1643330018188</west>
							</LatLonBox>
						</GroundOverlay>
					</Folder>
					<Folder>
						<name>kml_image_TP NAM DINH ND 2030_L5_6_5</name>
						<Region>
							<LatLonAltBox>
								<north>20.39085467330827</north>
								<south>20.3789892723844</south>
								<east>106.1895039277437</east>
								<west>106.1769184647812</west>
								<minAltitude>0</minAltitude>
								<maxAltitude>0</maxAltitude>
							</LatLonAltBox>
							<Lod>
								<minLodPixels>512</minLodPixels>
								<maxLodPixels>-1</maxLodPixels>
								<minFadeExtent>0</minFadeExtent>
								<maxFadeExtent>0</maxFadeExtent>
							</Lod>
						</Region>
						<GroundOverlay>
							<drawOrder>5</drawOrder>
							<Icon>
								<href>kml_image_TP NAM DINH ND 2030_L5_6_5.png</href>
							</Icon>
							<gx:altitudeMode>clampToSeaFloor</gx:altitudeMode>
							<LatLonBox>
								<north>20.39085467330827</north>
								<south>20.3789892723844</south>
								<east>106.1895039277437</east>
								<west>106.1769184647812</west>
							</LatLonBox>
						</GroundOverlay>
					</Folder>
					<Folder>
						<name>kml_image_TP NAM DINH ND 2030_L5_7_4</name>
						<Region>
							<LatLonAltBox>
								<north>20.3789892723844</north>
								<south>20.36987006288529</south>
								<east>106.1769184647812</east>
								<west>106.1643330018188</west>
								<minAltitude>0</minAltitude>
								<maxAltitude>0</maxAltitude>
							</LatLonAltBox>
							<Lod>
								<minLodPixels>449</minLodPixels>
								<maxLodPixels>-1</maxLodPixels>
								<minFadeExtent>0</minFadeExtent>
								<maxFadeExtent>0</maxFadeExtent>
							</Lod>
						</Region>
						<GroundOverlay>
							<drawOrder>5</drawOrder>
							<Icon>
								<href>kml_image_TP NAM DINH ND 2030_L5_7_4.png</href>
							</Icon>
							<gx:altitudeMode>clampToSeaFloor</gx:altitudeMode>
							<LatLonBox>
								<north>20.3789892723844</north>
								<south>20.36987006288529</south>
								<east>106.1769184647812</east>
								<west>106.1643330018188</west>
							</LatLonBox>
						</GroundOverlay>
					</Folder>
					<Folder>
						<name>kml_image_TP NAM DINH ND 2030_L5_7_5</name>
						<Region>
							<LatLonAltBox>
								<north>20.3789892723844</north>
								<south>20.36987006288529</south>
								<east>106.1895039277437</east>
								<west>106.1769184647812</west>
								<minAltitude>0</minAltitude>
								<maxAltitude>0</maxAltitude>
							</LatLonAltBox>
							<Lod>
								<minLodPixels>449</minLodPixels>
								<maxLodPixels>-1</maxLodPixels>
								<minFadeExtent>0</minFadeExtent>
								<maxFadeExtent>0</maxFadeExtent>
							</Lod>
						</Region>
						<GroundOverlay>
							<drawOrder>5</drawOrder>
							<Icon>
								<href>kml_image_TP NAM DINH ND 2030_L5_7_5.png</href>
							</Icon>
							<gx:altitudeMode>clampToSeaFloor</gx:altitudeMode>
							<LatLonBox>
								<north>20.3789892723844</north>
								<south>20.36987006288529</south>
								<east>106.1895039277437</east>
								<west>106.1769184647812</west>
							</LatLonBox>
						</GroundOverlay>
					</Folder>
				</Folder>
				<Folder>
					<name>kml_image_TP NAM DINH ND 2030_L4_3_3</name>
					<Region>
						<LatLonAltBox>
							<north>20.39085467330827</north>
							<south>20.36987006288529</south>
							<east>106.2146748536686</east>
							<west>106.1895039277437</west>
							<minAltitude>0</minAltitude>
							<maxAltitude>0</maxAltitude>
						</LatLonAltBox>
						<Lod>
							<minLodPixels>481</minLodPixels>
							<maxLodPixels>2049</maxLodPixels>
							<minFadeExtent>0</minFadeExtent>
							<maxFadeExtent>0</maxFadeExtent>
						</Lod>
					</Region>
					<GroundOverlay>
						<drawOrder>4</drawOrder>
						<Icon>
							<href>kml_image_TP NAM DINH ND 2030_L4_3_3.png</href>
						</Icon>
						<gx:altitudeMode>clampToSeaFloor</gx:altitudeMode>
						<LatLonBox>
							<north>20.39085467330827</north>
							<south>20.36987006288529</south>
							<east>106.2146748536686</east>
							<west>106.1895039277437</west>
						</LatLonBox>
					</GroundOverlay>
					<Folder>
						<name>kml_image_TP NAM DINH ND 2030_L5_6_6</name>
						<Region>
							<LatLonAltBox>
								<north>20.39085467330827</north>
								<south>20.3789892723844</south>
								<east>106.2020893907061</east>
								<west>106.1895039277437</west>
								<minAltitude>0</minAltitude>
								<maxAltitude>0</maxAltitude>
							</LatLonAltBox>
							<Lod>
								<minLodPixels>512</minLodPixels>
								<maxLodPixels>-1</maxLodPixels>
								<minFadeExtent>0</minFadeExtent>
								<maxFadeExtent>0</maxFadeExtent>
							</Lod>
						</Region>
						<GroundOverlay>
							<drawOrder>5</drawOrder>
							<Icon>
								<href>kml_image_TP NAM DINH ND 2030_L5_6_6.png</href>
							</Icon>
							<gx:altitudeMode>clampToSeaFloor</gx:altitudeMode>
							<LatLonBox>
								<north>20.39085467330827</north>
								<south>20.3789892723844</south>
								<east>106.2020893907061</east>
								<west>106.1895039277437</west>
							</LatLonBox>
						</GroundOverlay>
					</Folder>
					<Folder>
						<name>kml_image_TP NAM DINH ND 2030_L5_6_7</name>
						<Region>
							<LatLonAltBox>
								<north>20.39085467330827</north>
								<south>20.3789892723844</south>
								<east>106.2146748536686</east>
								<west>106.2020893907061</west>
								<minAltitude>0</minAltitude>
								<maxAltitude>0</maxAltitude>
							</LatLonAltBox>
							<Lod>
								<minLodPixels>512</minLodPixels>
								<maxLodPixels>-1</maxLodPixels>
								<minFadeExtent>0</minFadeExtent>
								<maxFadeExtent>0</maxFadeExtent>
							</Lod>
						</Region>
						<GroundOverlay>
							<drawOrder>5</drawOrder>
							<Icon>
								<href>kml_image_TP NAM DINH ND 2030_L5_6_7.png</href>
							</Icon>
							<gx:altitudeMode>clampToSeaFloor</gx:altitudeMode>
							<LatLonBox>
								<north>20.39085467330827</north>
								<south>20.3789892723844</south>
								<east>106.2146748536686</east>
								<west>106.2020893907061</west>
							</LatLonBox>
						</GroundOverlay>
					</Folder>
					<Folder>
						<name>kml_image_TP NAM DINH ND 2030_L5_7_6</name>
						<Region>
							<LatLonAltBox>
								<north>20.3789892723844</north>
								<south>20.36987006288529</south>
								<east>106.2020893907061</east>
								<west>106.1895039277437</west>
								<minAltitude>0</minAltitude>
								<maxAltitude>0</maxAltitude>
							</LatLonAltBox>
							<Lod>
								<minLodPixels>449</minLodPixels>
								<maxLodPixels>-1</maxLodPixels>
								<minFadeExtent>0</minFadeExtent>
								<maxFadeExtent>0</maxFadeExtent>
							</Lod>
						</Region>
						<GroundOverlay>
							<drawOrder>5</drawOrder>
							<Icon>
								<href>kml_image_TP NAM DINH ND 2030_L5_7_6.png</href>
							</Icon>
							<gx:altitudeMode>clampToSeaFloor</gx:altitudeMode>
							<LatLonBox>
								<north>20.3789892723844</north>
								<south>20.36987006288529</south>
								<east>106.2020893907061</east>
								<west>106.1895039277437</west>
							</LatLonBox>
						</GroundOverlay>
					</Folder>
					<Folder>
						<name>kml_image_TP NAM DINH ND 2030_L5_7_7</name>
						<Region>
							<LatLonAltBox>
								<north>20.3789892723844</north>
								<south>20.36987006288529</south>
								<east>106.2146748536686</east>
								<west>106.2020893907061</west>
								<minAltitude>0</minAltitude>
								<maxAltitude>0</maxAltitude>
							</LatLonAltBox>
							<Lod>
								<minLodPixels>449</minLodPixels>
								<maxLodPixels>-1</maxLodPixels>
								<minFadeExtent>0</minFadeExtent>
								<maxFadeExtent>0</maxFadeExtent>
							</Lod>
						</Region>
						<GroundOverlay>
							<drawOrder>5</drawOrder>
							<Icon>
								<href>kml_image_TP NAM DINH ND 2030_L5_7_7.png</href>
							</Icon>
							<gx:altitudeMode>clampToSeaFloor</gx:altitudeMode>
							<LatLonBox>
								<north>20.3789892723844</north>
								<south>20.36987006288529</south>
								<east>106.2146748536686</east>
								<west>106.2020893907061</west>
							</LatLonBox>
						</GroundOverlay>
					</Folder>
				</Folder>
			</Folder>
		</Folder>
		<Folder>
			<name>kml_image_TP NAM DINH ND 2030_L2_0_1</name>
			<Region>
				<LatLonAltBox>
					<north>20.4620470788515</north>
					<south>20.36987006288529</south>
					<east>106.2235117168229</east>
					<west>106.2146748536686</west>
					<minAltitude>0</minAltitude>
					<maxAltitude>0</maxAltitude>
				</LatLonAltBox>
				<Lod>
					<minLodPixels>150</minLodPixels>
					<maxLodPixels>2049</maxLodPixels>
					<minFadeExtent>0</minFadeExtent>
					<maxFadeExtent>0</maxFadeExtent>
				</Lod>
			</Region>
			<GroundOverlay>
				<drawOrder>2</drawOrder>
				<Icon>
					<href>kml_image_TP NAM DINH ND 2030_L2_0_1.png</href>
				</Icon>
				<gx:altitudeMode>clampToSeaFloor</gx:altitudeMode>
				<LatLonBox>
					<north>20.4620470788515</north>
					<south>20.36987006288529</south>
					<east>106.2235117168229</east>
					<west>106.2146748536686</west>
				</LatLonBox>
			</GroundOverlay>
			<Folder>
				<name>kml_image_TP NAM DINH ND 2030_L3_0_2</name>
				<Region>
					<LatLonAltBox>
						<north>20.4620470788515</north>
						<south>20.41458547515602</south>
						<east>106.2235117168229</east>
						<west>106.2146748536686</west>
						<minAltitude>0</minAltitude>
						<maxAltitude>0</maxAltitude>
					</LatLonAltBox>
					<Lod>
						<minLodPixels>215</minLodPixels>
						<maxLodPixels>2049</maxLodPixels>
						<minFadeExtent>0</minFadeExtent>
						<maxFadeExtent>0</maxFadeExtent>
					</Lod>
				</Region>
				<GroundOverlay>
					<drawOrder>3</drawOrder>
					<Icon>
						<href>kml_image_TP NAM DINH ND 2030_L3_0_2.png</href>
					</Icon>
					<gx:altitudeMode>clampToSeaFloor</gx:altitudeMode>
					<LatLonBox>
						<north>20.4620470788515</north>
						<south>20.41458547515602</south>
						<east>106.2235117168229</east>
						<west>106.2146748536686</west>
					</LatLonBox>
				</GroundOverlay>
				<Folder>
					<name>kml_image_TP NAM DINH ND 2030_L4_0_4</name>
					<Region>
						<LatLonAltBox>
							<north>20.4620470788515</north>
							<south>20.43831627700376</south>
							<east>106.2235117168229</east>
							<west>106.2146748536686</west>
							<minAltitude>0</minAltitude>
							<maxAltitude>0</maxAltitude>
						</LatLonAltBox>
						<Lod>
							<minLodPixels>304</minLodPixels>
							<maxLodPixels>2049</maxLodPixels>
							<minFadeExtent>0</minFadeExtent>
							<maxFadeExtent>0</maxFadeExtent>
						</Lod>
					</Region>
					<GroundOverlay>
						<drawOrder>4</drawOrder>
						<Icon>
							<href>kml_image_TP NAM DINH ND 2030_L4_0_4.png</href>
						</Icon>
						<gx:altitudeMode>clampToSeaFloor</gx:altitudeMode>
						<LatLonBox>
							<north>20.4620470788515</north>
							<south>20.43831627700376</south>
							<east>106.2235117168229</east>
							<west>106.2146748536686</west>
						</LatLonBox>
					</GroundOverlay>
					<Folder>
						<name>kml_image_TP NAM DINH ND 2030_L5_0_8</name>
						<Region>
							<LatLonAltBox>
								<north>20.4620470788515</north>
								<south>20.45018167792763</south>
								<east>106.2235117168229</east>
								<west>106.2146748536686</west>
								<minAltitude>0</minAltitude>
								<maxAltitude>0</maxAltitude>
							</LatLonAltBox>
							<Lod>
								<minLodPixels>429</minLodPixels>
								<maxLodPixels>-1</maxLodPixels>
								<minFadeExtent>0</minFadeExtent>
								<maxFadeExtent>0</maxFadeExtent>
							</Lod>
						</Region>
						<GroundOverlay>
							<drawOrder>5</drawOrder>
							<Icon>
								<href>kml_image_TP NAM DINH ND 2030_L5_0_8.png</href>
							</Icon>
							<gx:altitudeMode>clampToSeaFloor</gx:altitudeMode>
							<LatLonBox>
								<north>20.4620470788515</north>
								<south>20.45018167792763</south>
								<east>106.2235117168229</east>
								<west>106.2146748536686</west>
							</LatLonBox>
						</GroundOverlay>
					</Folder>
					<Folder>
						<name>kml_image_TP NAM DINH ND 2030_L5_1_8</name>
						<Region>
							<LatLonAltBox>
								<north>20.45018167792763</north>
								<south>20.43831627700376</south>
								<east>106.2235117168229</east>
								<west>106.2146748536686</west>
								<minAltitude>0</minAltitude>
								<maxAltitude>0</maxAltitude>
							</LatLonAltBox>
							<Lod>
								<minLodPixels>429</minLodPixels>
								<maxLodPixels>-1</maxLodPixels>
								<minFadeExtent>0</minFadeExtent>
								<maxFadeExtent>0</maxFadeExtent>
							</Lod>
						</Region>
						<GroundOverlay>
							<drawOrder>5</drawOrder>
							<Icon>
								<href>kml_image_TP NAM DINH ND 2030_L5_1_8.png</href>
							</Icon>
							<gx:altitudeMode>clampToSeaFloor</gx:altitudeMode>
							<LatLonBox>
								<north>20.45018167792763</north>
								<south>20.43831627700376</south>
								<east>106.2235117168229</east>
								<west>106.2146748536686</west>
							</LatLonBox>
						</GroundOverlay>
					</Folder>
				</Folder>
				<Folder>
					<name>kml_image_TP NAM DINH ND 2030_L4_1_4</name>
					<Region>
						<LatLonAltBox>
							<north>20.43831627700376</north>
							<south>20.41458547515602</south>
							<east>106.2235117168229</east>
							<west>106.2146748536686</west>
							<minAltitude>0</minAltitude>
							<maxAltitude>0</maxAltitude>
						</LatLonAltBox>
						<Lod>
							<minLodPixels>304</minLodPixels>
							<maxLodPixels>2049</maxLodPixels>
							<minFadeExtent>0</minFadeExtent>
							<maxFadeExtent>0</maxFadeExtent>
						</Lod>
					</Region>
					<GroundOverlay>
						<drawOrder>4</drawOrder>
						<Icon>
							<href>kml_image_TP NAM DINH ND 2030_L4_1_4.png</href>
						</Icon>
						<gx:altitudeMode>clampToSeaFloor</gx:altitudeMode>
						<LatLonBox>
							<north>20.43831627700376</north>
							<south>20.41458547515602</south>
							<east>106.2235117168229</east>
							<west>106.2146748536686</west>
						</LatLonBox>
					</GroundOverlay>
					<Folder>
						<name>kml_image_TP NAM DINH ND 2030_L5_2_8</name>
						<Region>
							<LatLonAltBox>
								<north>20.43831627700376</north>
								<south>20.42645087607989</south>
								<east>106.2235117168229</east>
								<west>106.2146748536686</west>
								<minAltitude>0</minAltitude>
								<maxAltitude>0</maxAltitude>
							</LatLonAltBox>
							<Lod>
								<minLodPixels>429</minLodPixels>
								<maxLodPixels>-1</maxLodPixels>
								<minFadeExtent>0</minFadeExtent>
								<maxFadeExtent>0</maxFadeExtent>
							</Lod>
						</Region>
						<GroundOverlay>
							<drawOrder>5</drawOrder>
							<Icon>
								<href>kml_image_TP NAM DINH ND 2030_L5_2_8.png</href>
							</Icon>
							<gx:altitudeMode>clampToSeaFloor</gx:altitudeMode>
							<LatLonBox>
								<north>20.43831627700376</north>
								<south>20.42645087607989</south>
								<east>106.2235117168229</east>
								<west>106.2146748536686</west>
							</LatLonBox>
						</GroundOverlay>
					</Folder>
					<Folder>
						<name>kml_image_TP NAM DINH ND 2030_L5_3_8</name>
						<Region>
							<LatLonAltBox>
								<north>20.42645087607989</north>
								<south>20.41458547515602</south>
								<east>106.2235117168229</east>
								<west>106.2146748536686</west>
								<minAltitude>0</minAltitude>
								<maxAltitude>0</maxAltitude>
							</LatLonAltBox>
							<Lod>
								<minLodPixels>429</minLodPixels>
								<maxLodPixels>-1</maxLodPixels>
								<minFadeExtent>0</minFadeExtent>
								<maxFadeExtent>0</maxFadeExtent>
							</Lod>
						</Region>
						<GroundOverlay>
							<drawOrder>5</drawOrder>
							<Icon>
								<href>kml_image_TP NAM DINH ND 2030_L5_3_8.png</href>
							</Icon>
							<gx:altitudeMode>clampToSeaFloor</gx:altitudeMode>
							<LatLonBox>
								<north>20.42645087607989</north>
								<south>20.41458547515602</south>
								<east>106.2235117168229</east>
								<west>106.2146748536686</west>
							</LatLonBox>
						</GroundOverlay>
					</Folder>
				</Folder>
			</Folder>
			<Folder>
				<name>kml_image_TP NAM DINH ND 2030_L3_1_2</name>
				<Region>
					<LatLonAltBox>
						<north>20.41458547515602</north>
						<south>20.36987006288529</south>
						<east>106.2235117168229</east>
						<west>106.2146748536686</west>
						<minAltitude>0</minAltitude>
						<maxAltitude>0</maxAltitude>
					</LatLonAltBox>
					<Lod>
						<minLodPixels>208</minLodPixels>
						<maxLodPixels>2049</maxLodPixels>
						<minFadeExtent>0</minFadeExtent>
						<maxFadeExtent>0</maxFadeExtent>
					</Lod>
				</Region>
				<GroundOverlay>
					<drawOrder>3</drawOrder>
					<Icon>
						<href>kml_image_TP NAM DINH ND 2030_L3_1_2.png</href>
					</Icon>
					<gx:altitudeMode>clampToSeaFloor</gx:altitudeMode>
					<LatLonBox>
						<north>20.41458547515602</north>
						<south>20.36987006288529</south>
						<east>106.2235117168229</east>
						<west>106.2146748536686</west>
					</LatLonBox>
				</GroundOverlay>
				<Folder>
					<name>kml_image_TP NAM DINH ND 2030_L4_2_4</name>
					<Region>
						<LatLonAltBox>
							<north>20.41458547515602</north>
							<south>20.39085467330827</south>
							<east>106.2235117168229</east>
							<west>106.2146748536686</west>
							<minAltitude>0</minAltitude>
							<maxAltitude>0</maxAltitude>
						</LatLonAltBox>
						<Lod>
							<minLodPixels>304</minLodPixels>
							<maxLodPixels>2049</maxLodPixels>
							<minFadeExtent>0</minFadeExtent>
							<maxFadeExtent>0</maxFadeExtent>
						</Lod>
					</Region>
					<GroundOverlay>
						<drawOrder>4</drawOrder>
						<Icon>
							<href>kml_image_TP NAM DINH ND 2030_L4_2_4.png</href>
						</Icon>
						<gx:altitudeMode>clampToSeaFloor</gx:altitudeMode>
						<LatLonBox>
							<north>20.41458547515602</north>
							<south>20.39085467330827</south>
							<east>106.2235117168229</east>
							<west>106.2146748536686</west>
						</LatLonBox>
					</GroundOverlay>
					<Folder>
						<name>kml_image_TP NAM DINH ND 2030_L5_4_8</name>
						<Region>
							<LatLonAltBox>
								<north>20.41458547515602</north>
								<south>20.40272007423214</south>
								<east>106.2235117168229</east>
								<west>106.2146748536686</west>
								<minAltitude>0</minAltitude>
								<maxAltitude>0</maxAltitude>
							</LatLonAltBox>
							<Lod>
								<minLodPixels>429</minLodPixels>
								<maxLodPixels>-1</maxLodPixels>
								<minFadeExtent>0</minFadeExtent>
								<maxFadeExtent>0</maxFadeExtent>
							</Lod>
						</Region>
						<GroundOverlay>
							<drawOrder>5</drawOrder>
							<Icon>
								<href>kml_image_TP NAM DINH ND 2030_L5_4_8.png</href>
							</Icon>
							<gx:altitudeMode>clampToSeaFloor</gx:altitudeMode>
							<LatLonBox>
								<north>20.41458547515602</north>
								<south>20.40272007423214</south>
								<east>106.2235117168229</east>
								<west>106.2146748536686</west>
							</LatLonBox>
						</GroundOverlay>
					</Folder>
					<Folder>
						<name>kml_image_TP NAM DINH ND 2030_L5_5_8</name>
						<Region>
							<LatLonAltBox>
								<north>20.40272007423214</north>
								<south>20.39085467330827</south>
								<east>106.2235117168229</east>
								<west>106.2146748536686</west>
								<minAltitude>0</minAltitude>
								<maxAltitude>0</maxAltitude>
							</LatLonAltBox>
							<Lod>
								<minLodPixels>429</minLodPixels>
								<maxLodPixels>-1</maxLodPixels>
								<minFadeExtent>0</minFadeExtent>
								<maxFadeExtent>0</maxFadeExtent>
							</Lod>
						</Region>
						<GroundOverlay>
							<drawOrder>5</drawOrder>
							<Icon>
								<href>kml_image_TP NAM DINH ND 2030_L5_5_8.png</href>
							</Icon>
							<gx:altitudeMode>clampToSeaFloor</gx:altitudeMode>
							<LatLonBox>
								<north>20.40272007423214</north>
								<south>20.39085467330827</south>
								<east>106.2235117168229</east>
								<west>106.2146748536686</west>
							</LatLonBox>
						</GroundOverlay>
					</Folder>
				</Folder>
				<Folder>
					<name>kml_image_TP NAM DINH ND 2030_L4_3_4</name>
					<Region>
						<LatLonAltBox>
							<north>20.39085467330827</north>
							<south>20.36987006288529</south>
							<east>106.2235117168229</east>
							<west>106.2146748536686</west>
							<minAltitude>0</minAltitude>
							<maxAltitude>0</maxAltitude>
						</LatLonAltBox>
						<Lod>
							<minLodPixels>285</minLodPixels>
							<maxLodPixels>2049</maxLodPixels>
							<minFadeExtent>0</minFadeExtent>
							<maxFadeExtent>0</maxFadeExtent>
						</Lod>
					</Region>
					<GroundOverlay>
						<drawOrder>4</drawOrder>
						<Icon>
							<href>kml_image_TP NAM DINH ND 2030_L4_3_4.png</href>
						</Icon>
						<gx:altitudeMode>clampToSeaFloor</gx:altitudeMode>
						<LatLonBox>
							<north>20.39085467330827</north>
							<south>20.36987006288529</south>
							<east>106.2235117168229</east>
							<west>106.2146748536686</west>
						</LatLonBox>
					</GroundOverlay>
					<Folder>
						<name>kml_image_TP NAM DINH ND 2030_L5_6_8</name>
						<Region>
							<LatLonAltBox>
								<north>20.39085467330827</north>
								<south>20.3789892723844</south>
								<east>106.2235117168229</east>
								<west>106.2146748536686</west>
								<minAltitude>0</minAltitude>
								<maxAltitude>0</maxAltitude>
							</LatLonAltBox>
							<Lod>
								<minLodPixels>429</minLodPixels>
								<maxLodPixels>-1</maxLodPixels>
								<minFadeExtent>0</minFadeExtent>
								<maxFadeExtent>0</maxFadeExtent>
							</Lod>
						</Region>
						<GroundOverlay>
							<drawOrder>5</drawOrder>
							<Icon>
								<href>kml_image_TP NAM DINH ND 2030_L5_6_8.png</href>
							</Icon>
							<gx:altitudeMode>clampToSeaFloor</gx:altitudeMode>
							<LatLonBox>
								<north>20.39085467330827</north>
								<south>20.3789892723844</south>
								<east>106.2235117168229</east>
								<west>106.2146748536686</west>
							</LatLonBox>
						</GroundOverlay>
					</Folder>
					<Folder>
						<name>kml_image_TP NAM DINH ND 2030_L5_7_8</name>
						<Region>
							<LatLonAltBox>
								<north>20.3789892723844</north>
								<south>20.36987006288529</south>
								<east>106.2235117168229</east>
								<west>106.2146748536686</west>
								<minAltitude>0</minAltitude>
								<maxAltitude>0</maxAltitude>
							</LatLonAltBox>
							<Lod>
								<minLodPixels>376</minLodPixels>
								<maxLodPixels>-1</maxLodPixels>
								<minFadeExtent>0</minFadeExtent>
								<maxFadeExtent>0</maxFadeExtent>
							</Lod>
						</Region>
						<GroundOverlay>
							<drawOrder>5</drawOrder>
							<Icon>
								<href>kml_image_TP NAM DINH ND 2030_L5_7_8.png</href>
							</Icon>
							<gx:altitudeMode>clampToSeaFloor</gx:altitudeMode>
							<LatLonBox>
								<north>20.3789892723844</north>
								<south>20.36987006288529</south>
								<east>106.2235117168229</east>
								<west>106.2146748536686</west>
							</LatLonBox>
						</GroundOverlay>
					</Folder>
				</Folder>
			</Folder>
		</Folder>
	</Folder>
</Document>
</kml>
